CoderConfig,"{""type"":""Point"",""coordinates"":[-73.971634685,40.743730414]}"
LMCipt,"{""type"":""Point"",""coordinates"":[-73.971634685,40.743730414]}"
DCL83,"{""type"":""Point"",""coordinates"":[-73.971634685,40.743730414]}"
4ZCZF,"{""type"":""Point"",""coordinates"":[-73.971634685,40.743730414]}"
casey,"{""type"":""Point"",""coordinates"":[-73.971634685,40.743730414]}"
<HIDDEN>,"{""type"":""Point"",""coordinates"":[-73.97163708,40.743894654]}"
<HIDDEN>,"{""type"":""Point"",""coordinates"":[-73.97163708,40.743894654]}"
SVQ45,"{""type"":""Point"",""coordinates"":[-73.97163708,40.743894654]}"
88WD1,"{""type"":""Point"",""coordinates"":[-73.97163708,40.743894654]}"
Verizon SCH-LC11 f545 Secure,"{""type"":""Point"",""coordinates"":[-73.971392192,40.743753447]}"
<HIDDEN>,"{""type"":""Point"",""coordinates"":[-73.971392192,40.743753447]}"
LMCpcd,"{""type"":""Point"",""coordinates"":[-73.97167631,40.744024721]}"
Northside Roof,"{""type"":""Point"",""coordinates"":[-73.97167631,40.744024721]}"
JBHome,"{""type"":""Point"",""coordinates"":[-73.97167631,40.744024721]}"
MSG17J,"{""type"":""Point"",""coordinates"":[-73.971434442,40.743813345]}"
CGD24GC0,"{""type"":""Point"",""coordinates"":[-73.970952788,40.7436883]}"
NYULMCguest,"{""type"":""Point"",""coordinates"":[-73.971359876,40.743804378]}"
<HIDDEN>,"{""type"":""Point"",""coordinates"":[-73.971359876,40.743804378]}"
CoderConfig,"{""type"":""Point"",""coordinates"":[-73.971324666,40.743698481]}"
LMCpcd,"{""type"":""Point"",""coordinates"":[-73.971324666,40.743698481]}"
MTA5844,"{""type"":""Point"",""coordinates"":[-73.971324666,40.743698481]}"
Verizon SCH-LC11 f545 Secure,"{""type"":""Point"",""coordinates"":[-73.971324666,40.743698481]}"
MVB Wi-Fi Network,"{""type"":""Point"",""coordinates"":[-73.971324666,40.743698481]}"
<HIDDEN>,"{""type"":""Point"",""coordinates"":[-73.971324666,40.743698481]}"
LMCipt,"{""type"":""Point"",""coordinates"":[-73.970957126,40.743763211]}"
NYULMCguest,"{""type"":""Point"",""coordinates"":[-73.970957126,40.743763211]}"
laresmattioli,"{""type"":""Point"",""coordinates"":[-73.970957126,40.743763211]}"
casey,"{""type"":""Point"",""coordinates"":[-73.970957126,40.743763211]}"
<HIDDEN>,"{""type"":""Point"",""coordinates"":[-73.971231932,40.743723362]}"
DCL83,"{""type"":""Point"",""coordinates"":[-73.971231932,40.743723362]}"
B325H,"{""type"":""Point"",""coordinates"":[-73.971231932,40.743723362]}"
C3CC,"{""type"":""Point"",""coordinates"":[-73.971108896,40.744125889]}"
ABA8,"{""type"":""Point"",""coordinates"":[-73.971108896,40.744125889]}"
DWK73,"{""type"":""Point"",""coordinates"":[-73.971108896,40.744125889]}"
11FX07215696,"{""type"":""Point"",""coordinates"":[-73.971108896,40.744125889]}"
TOSHI-WIRELESS,"{""type"":""Point"",""coordinates"":[-73.971108896,40.744125889]}"
8JKDN,"{""type"":""Point"",""coordinates"":[-73.971108896,40.744125889]}"
4ZCZF,"{""type"":""Point"",""coordinates"":[-73.971108896,40.744125889]}"
Newport Estate,"{""type"":""Point"",""coordinates"":[-73.971480211,40.743720615]}"
quags,"{""type"":""Point"",""coordinates"":[-73.971286256,40.743993808]}"
UY712,"{""type"":""Point"",""coordinates"":[-73.971286256,40.743993808]}"
Ethereal,"{""type"":""Point"",""coordinates"":[-73.971286256,40.743993808]}"
Rentrop1,"{""type"":""Point"",""coordinates"":[-73.971249474,40.743773825]}"
belkin.4b3,"{""type"":""Point"",""coordinates"":[-73.971249474,40.743773825]}"
HPM1217-678B52,"{""type"":""Point"",""coordinates"":[-73.971249474,40.743773825]}"
U10C022FA,"{""type"":""Point"",""coordinates"":[-73.970929083,40.743706563]}"
CGD24GC0,"{""type"":""Point"",""coordinates"":[-73.971566657,40.743853423]}"
homeoffice d2.4,"{""type"":""Point"",""coordinates"":[-73.971426331,40.743922057]}"
Tom Prassis's Guest Network,"{""type"":""Point"",""coordinates"":[-73.971423062,40.743927706]}"
benny,"{""type"":""Point"",""coordinates"":[-73.971423062,40.743927706]}"
condony,"{""type"":""Point"",""coordinates"":[-73.971423062,40.743927706]}"
belkin.da2,"{""type"":""Point"",""coordinates"":[-73.971431173,40.7439418]}"
JBHome,"{""type"":""Point"",""coordinates"":[-73.971431173,40.7439418]}"
633S3,"{""type"":""Point"",""coordinates"":[-73.971431173,40.7439418]}"
California-guest,"{""type"":""Point"",""coordinates"":[-73.971431173,40.7439418]}"
apartment401-15,"{""type"":""Point"",""coordinates"":[-73.971431173,40.7439418]}"
belkin.fbe,"{""type"":""Point"",""coordinates"":[-73.971387727,40.743782726]}"
P6JL6,"{""type"":""Point"",""coordinates"":[-73.971387727,40.743782726]}"
Netgear House,"{""type"":""Point"",""coordinates"":[-73.971387727,40.743782726]}"
linksys,"{""type"":""Point"",""coordinates"":[-73.971387727,40.743782726]}"
JBHome_EXT,"{""type"":""Point"",""coordinates"":[-73.971387727,40.743782726]}"
zomo,"{""type"":""Point"",""coordinates"":[-73.971387727,40.743782726]}"
T35C0,"{""type"":""Point"",""coordinates"":[-73.971387727,40.743782726]}"
EH,"{""type"":""Point"",""coordinates"":[-73.971387727,40.743782726]}"
apartment 13k,"{""type"":""Point"",""coordinates"":[-73.971387727,40.743782726]}"
<HIDDEN>,"{""type"":""Point"",""coordinates"":[-73.971467759,40.743413287]}"
DDW3611EA,"{""type"":""Point"",""coordinates"":[-73.971467759,40.743413287]}"
HPE710n.1717FC,"{""type"":""Point"",""coordinates"":[-73.971467759,40.743413287]}"
NETGEAR,"{""type"":""Point"",""coordinates"":[-73.971467759,40.743413287]}"
Tom Prassis's Network,"{""type"":""Point"",""coordinates"":[-73.971467759,40.743413287]}"
NETGEAR03,"{""type"":""Point"",""coordinates"":[-73.971467759,40.743413287]}"
DVW3201B0C,"{""type"":""Point"",""coordinates"":[-73.971467759,40.743413287]}"
T-Mobile Broadband66,"{""type"":""Point"",""coordinates"":[-73.971952738,40.743183013]}"
9BFI5,"{""type"":""Point"",""coordinates"":[-73.971952738,40.743183013]}"
LMCmobile,"{""type"":""Point"",""coordinates"":[-73.971952738,40.743183013]}"
NETGEAR05,"{""type"":""Point"",""coordinates"":[-73.971952738,40.743183013]}"
RackCity,"{""type"":""Point"",""coordinates"":[-73.971952738,40.743183013]}"
2CYH2,"{""type"":""Point"",""coordinates"":[-73.971952738,40.743183013]}"
NYULMCguest,"{""type"":""Point"",""coordinates"":[-73.971952738,40.743183013]}"
DVW3201C4,"{""type"":""Point"",""coordinates"":[-73.971952738,40.743183013]}"
23N6T,"{""type"":""Point"",""coordinates"":[-73.973878198,40.743309494]}"
belkin.f54,"{""type"":""Point"",""coordinates"":[-73.973878198,40.743309494]}"
LMCpcd,"{""type"":""Point"",""coordinates"":[-73.973878198,40.743309494]}"
LMCipt,"{""type"":""Point"",""coordinates"":[-73.973878198,40.743309494]}"
<HIDDEN>,"{""type"":""Point"",""coordinates"":[-73.973878198,40.743309494]}"
Atlantic,"{""type"":""Point"",""coordinates"":[-73.973878198,40.743309494]}"
MonteMarko,"{""type"":""Point"",""coordinates"":[-73.973878198,40.743309494]}"
Atlantic,"{""type"":""Point"",""coordinates"":[-73.975089539,40.742219965]}"
H38F4,"{""type"":""Point"",""coordinates"":[-73.973819488,40.742322804]}"
WM9X9,"{""type"":""Point"",""coordinates"":[-73.973819488,40.742322804]}"
<HIDDEN>,"{""type"":""Point"",""coordinates"":[-73.973819488,40.742322804]}"
4GHSB,"{""type"":""Point"",""coordinates"":[-73.973819488,40.742322804]}"
LMCmobile,"{""type"":""Point"",""coordinates"":[-73.973819488,40.742322804]}"
LMCipt,"{""type"":""Point"",""coordinates"":[-73.973819488,40.742322804]}"
NYULMCguest,"{""type"":""Point"",""coordinates"":[-73.973819488,40.742322804]}"
pancakesister,"{""type"":""Point"",""coordinates"":[-73.972033058,40.741457288]}"
NETGEAR54,"{""type"":""Point"",""coordinates"":[-73.972033058,40.741457288]}"
1978mi,"{""type"":""Point"",""coordinates"":[-73.972033058,40.741457288]}"
NYULMCguest,"{""type"":""Point"",""coordinates"":[-73.972033058,40.741457288]}"
TAINAN,"{""type"":""Point"",""coordinates"":[-73.972033058,40.741457288]}"
LMCmobile,"{""type"":""Point"",""coordinates"":[-73.972033058,40.741457288]}"
LMCipt,"{""type"":""Point"",""coordinates"":[-73.972033058,40.741457288]}"
<HIDDEN>,"{""type"":""Point"",""coordinates"":[-73.972033058,40.741457288]}"
TPHitouch,"{""type"":""Point"",""coordinates"":[-73.972033058,40.741457288]}"
SBG65800F,"{""type"":""Point"",""coordinates"":[-73.972385692,40.741236529]}"
88WD1,"{""type"":""Point"",""coordinates"":[-73.97277527,40.740679572]}"
YBKWF,"{""type"":""Point"",""coordinates"":[-73.97277527,40.740679572]}"
905UPK,"{""type"":""Point"",""coordinates"":[-73.97277527,40.740679572]}"
IdEatIt,"{""type"":""Point"",""coordinates"":[-73.97277527,40.740679572]}"
8DL4G,"{""type"":""Point"",""coordinates"":[-73.97277527,40.740679572]}"
<HIDDEN>,"{""type"":""Point"",""coordinates"":[-73.97277527,40.740679572]}"
HF23K,"{""type"":""Point"",""coordinates"":[-73.97277527,40.740679572]}"
<HIDDEN>,"{""type"":""Point"",""coordinates"":[-73.972563445,40.739950998]}"
<HIDDEN>,"{""type"":""Point"",""coordinates"":[-73.972563445,40.739950998]}"
Bvue-Data,"{""type"":""Point"",""coordinates"":[-73.972563445,40.739950998]}"
<HIDDEN>,"{""type"":""Point"",""coordinates"":[-73.972563445,40.739950998]}"
YK4XF,"{""type"":""Point"",""coordinates"":[-73.972563445,40.739950998]}"
SVQ45,"{""type"":""Point"",""coordinates"":[-73.972563445,40.739950998]}"
HeleneRomain,"{""type"":""Point"",""coordinates"":[-73.972563445,40.739950998]}"
Private,"{""type"":""Point"",""coordinates"":[-73.972563445,40.739950998]}"
hpsetup,"{""type"":""Point"",""coordinates"":[-73.972563445,40.739950998]}"
V7SD4,"{""type"":""Point"",""coordinates"":[-73.972563445,40.739950998]}"
<HIDDEN>,"{""type"":""Point"",""coordinates"":[-73.972563445,40.739950998]}"
VFDR1,"{""type"":""Point"",""coordinates"":[-73.972563445,40.739950998]}"
carolee1,"{""type"":""Point"",""coordinates"":[-73.972563445,40.739950998]}"
<HIDDEN>,"{""type"":""Point"",""coordinates"":[-73.972454249,40.739739873]}"
CityDock,"{""type"":""Point"",""coordinates"":[-73.972454249,40.739739873]}"
<HIDDEN>,"{""type"":""Point"",""coordinates"":[-73.972454249,40.739739873]}"
KKQSR,"{""type"":""Point"",""coordinates"":[-73.972454249,40.739739873]}"
<HIDDEN>,"{""type"":""Point"",""coordinates"":[-73.972454249,40.739739873]}"
X58H3,"{""type"":""Point"",""coordinates"":[-73.972454249,40.739739873]}"
883BB,"{""type"":""Point"",""coordinates"":[-73.972454249,40.739739873]}"
NETGEAR89,"{""type"":""Point"",""coordinates"":[-73.972454249,40.739739873]}"
<HIDDEN>,"{""type"":""Point"",""coordinates"":[-73.973124655,40.739391601]}"
F4N4N,"{""type"":""Point"",""coordinates"":[-73.973124655,40.739391601]}"
W82H6,"{""type"":""Point"",""coordinates"":[-73.973124655,40.739391601]}"
<HIDDEN>,"{""type"":""Point"",""coordinates"":[-73.973124655,40.739391601]}"
<HIDDEN>,"{""type"":""Point"",""coordinates"":[-73.973124655,40.739391601]}"
EPSON,"{""type"":""Point"",""coordinates"":[-73.973124655,40.739391601]}"
KR1-1,"{""type"":""Point"",""coordinates"":[-73.973124655,40.739391601]}"
Verizon-890L-4BD0,"{""type"":""Point"",""coordinates"":[-73.973124655,40.739391601]}"
Canadia,"{""type"":""Point"",""coordinates"":[-73.973124655,40.739391601]}"
linksys,"{""type"":""Point"",""coordinates"":[-73.973124655,40.739391601]}"
Kadmon Guests,"{""type"":""Point"",""coordinates"":[-73.973171867,40.739326114]}"
NETGEAR75,"{""type"":""Point"",""coordinates"":[-73.973171867,40.739326114]}"
RCN1G,"{""type"":""Point"",""coordinates"":[-73.973171867,40.739326114]}"
cockroach1,"{""type"":""Point"",""coordinates"":[-73.974399356,40.739528689]}"
NNRA5,"{""type"":""Point"",""coordinates"":[-73.974399356,40.739528689]}"
DVW3201BF8,"{""type"":""Point"",""coordinates"":[-73.974399356,40.739528689]}"
VWX42,"{""type"":""Point"",""coordinates"":[-73.974399356,40.739528689]}"
LYZ73,"{""type"":""Point"",""coordinates"":[-73.974399356,40.739528689]}"
Z844F,"{""type"":""Point"",""coordinates"":[-73.974399356,40.739528689]}"
linksys,"{""type"":""Point"",""coordinates"":[-73.974399356,40.739528689]}"
X3JRM,"{""type"":""Point"",""coordinates"":[-73.974399356,40.739528689]}"
FNAP24GN,"{""type"":""Point"",""coordinates"":[-73.974399356,40.739528689]}"
airportthru,"{""type"":""Point"",""coordinates"":[-73.974399356,40.739528689]}"
ASMA&HIMA,"{""type"":""Point"",""coordinates"":[-73.974399356,40.739528689]}"
UUQP3,"{""type"":""Point"",""coordinates"":[-73.974399356,40.739528689]}"
Karp,"{""type"":""Point"",""coordinates"":[-73.974399356,40.739528689]}"
peacefrog,"{""type"":""Point"",""coordinates"":[-73.974399356,40.739528689]}"
ASMA&HIMA-guest,"{""type"":""Point"",""coordinates"":[-73.974399356,40.739528689]}"
Dr.Sumeet Singh's Network,"{""type"":""Point"",""coordinates"":[-73.974399356,40.739528689]}"
Abraham WD.40,"{""type"":""Point"",""coordinates"":[-73.974514352,40.739512803]}"
NKMB5,"{""type"":""Point"",""coordinates"":[-73.974514352,40.739512803]}"
PSSatWSP,"{""type"":""Point"",""coordinates"":[-73.974514352,40.739512803]}"
Wireress,"{""type"":""Point"",""coordinates"":[-73.974514352,40.739512803]}"
Thompson,"{""type"":""Point"",""coordinates"":[-73.974514352,40.739512803]}"
VNK9G,"{""type"":""Point"",""coordinates"":[-73.974514352,40.739512803]}"
BIS-NY-PUBLIC,"{""type"":""Point"",""coordinates"":[-73.974514352,40.739512803]}"
BIS-NY Admin,"{""type"":""Point"",""coordinates"":[-73.974514352,40.739512803]}"
6SCS$,"{""type"":""Point"",""coordinates"":[-73.974514352,40.739512803]}"
<HIDDEN>,"{""type"":""Point"",""coordinates"":[-73.974514352,40.739512803]}"
25THSTREET,"{""type"":""Point"",""coordinates"":[-73.974099263,40.738323288]}"
linksys,"{""type"":""Point"",""coordinates"":[-73.974099263,40.738323288]}"
CFAR Flow,"{""type"":""Point"",""coordinates"":[-73.974099263,40.738323288]}"
Krishna,"{""type"":""Point"",""coordinates"":[-73.974099263,40.738323288]}"
QKFM2,"{""type"":""Point"",""coordinates"":[-73.974099263,40.738323288]}"
Sahehome,"{""type"":""Point"",""coordinates"":[-73.974475118,40.737803376]}"
JB8TR,"{""type"":""Point"",""coordinates"":[-73.974475118,40.737803376]}"
RCN 12F,"{""type"":""Point"",""coordinates"":[-73.974475118,40.737803376]}"
michael,"{""type"":""Point"",""coordinates"":[-73.974475118,40.737803376]}"
87RV2,"{""type"":""Point"",""coordinates"":[-73.974475118,40.737803376]}"
OrangeSpruce,"{""type"":""Point"",""coordinates"":[-73.974475118,40.737803376]}"
5641,"{""type"":""Point"",""coordinates"":[-73.974475118,40.737803376]}"
OGRW3,"{""type"":""Point"",""coordinates"":[-73.974475118,40.737803376]}"
W9OA5,"{""type"":""Point"",""coordinates"":[-73.974475118,40.737803376]}"
KWRT2,"{""type"":""Point"",""coordinates"":[-73.974475118,40.737803376]}"
ZG42B,"{""type"":""Point"",""coordinates"":[-73.974475118,40.737803376]}"
09FX11048418,"{""type"":""Point"",""coordinates"":[-73.974475118,40.737803376]}"
ROCKSTAR1,"{""type"":""Point"",""coordinates"":[-73.974475118,40.737803376]}"
58BN5,"{""type"":""Point"",""coordinates"":[-73.974475118,40.737803376]}"
DVW3201B70,"{""type"":""Point"",""coordinates"":[-73.974475118,40.737803376]}"
Norihiro,"{""type"":""Point"",""coordinates"":[-73.974346927,40.736456978]}"
Guest Norihiro,"{""type"":""Point"",""coordinates"":[-73.974346927,40.736456978]}"
<HIDDEN>,"{""type"":""Point"",""coordinates"":[-73.974346927,40.736456978]}"
<HIDDEN>,"{""type"":""Point"",""coordinates"":[-73.974346927,40.736456978]}"
<HIDDEN>,"{""type"":""Point"",""coordinates"":[-73.974346927,40.736456978]}"
UNIS_Wireless,"{""type"":""Point"",""coordinates"":[-73.974346927,40.736456978]}"
NFXN6,"{""type"":""Point"",""coordinates"":[-73.974346927,40.736456978]}"
belkin.8f6,"{""type"":""Point"",""coordinates"":[-73.974346927,40.736456978]}"
NW74S,"{""type"":""Point"",""coordinates"":[-73.974346927,40.736456978]}"
NMC72,"{""type"":""Point"",""coordinates"":[-73.974346927,40.736456978]}"
PCVSTM,"{""type"":""Point"",""coordinates"":[-73.974346927,40.736456978]}"
GatorBait,"{""type"":""Point"",""coordinates"":[-73.974346927,40.736456978]}"
belkin.4f3.guests,"{""type"":""Point"",""coordinates"":[-73.974346927,40.736456978]}"
belkin.4f3,"{""type"":""Point"",""coordinates"":[-73.974346927,40.736456978]}"
X8XBQ,"{""type"":""Point"",""coordinates"":[-73.974346927,40.736456978]}"
49CHF,"{""type"":""Point"",""coordinates"":[-73.974346927,40.736456978]}"
NETGEAR21,"{""type"":""Point"",""coordinates"":[-73.974346927,40.736456978]}"
56ZN5,"{""type"":""Point"",""coordinates"":[-73.974346927,40.736456978]}"
NETGEAR21,"{""type"":""Point"",""coordinates"":[-73.974346927,40.736456978]}"
3YLU4,"{""type"":""Point"",""coordinates"":[-73.974346927,40.736456978]}"
DVW3201BA0,"{""type"":""Point"",""coordinates"":[-73.974346927,40.736456978]}"
L3GW1,"{""type"":""Point"",""coordinates"":[-73.974346927,40.736456978]}"
hakkertny,"{""type"":""Point"",""coordinates"":[-73.974346927,40.736456978]}"
MacIT's Power Mac G5,"{""type"":""Point"",""coordinates"":[-73.974346927,40.736456978]}"
Filibeir's Network,"{""type"":""Point"",""coordinates"":[-73.974494607,40.736454459]}"
Bvue-Data,"{""type"":""Point"",""coordinates"":[-73.974494607,40.736454459]}"
<HIDDEN>,"{""type"":""Point"",""coordinates"":[-73.974494607,40.736454459]}"
J7CN3,"{""type"":""Point"",""coordinates"":[-73.974494607,40.736454459]}"
<HIDDEN>,"{""type"":""Point"",""coordinates"":[-73.974494607,40.736454459]}"
DR55R,"{""type"":""Point"",""coordinates"":[-73.974494607,40.736454459]}"
VXYN5,"{""type"":""Point"",""coordinates"":[-73.974494607,40.736454459]}"
KTSQQ,"{""type"":""Point"",""coordinates"":[-73.974494607,40.736454459]}"
<HIDDEN>,"{""type"":""Point"",""coordinates"":[-73.974494607,40.736454459]}"
BN599,"{""type"":""Point"",""coordinates"":[-73.974494607,40.736454459]}"
cara,"{""type"":""Point"",""coordinates"":[-73.974494607,40.736454459]}"
QK6B7,"{""type"":""Point"",""coordinates"":[-73.974494607,40.736454459]}"
UNIS_Wireless,"{""type"":""Point"",""coordinates"":[-73.974861375,40.736023909]}"
UWD,"{""type"":""Point"",""coordinates"":[-73.974861375,40.736023909]}"
UNIS_Wireless,"{""type"":""Point"",""coordinates"":[-73.974861375,40.736023909]}"
NYP Mobile,"{""type"":""Point"",""coordinates"":[-73.974861375,40.736023909]}"
HP-Print-C6-Officejet 6600,"{""type"":""Point"",""coordinates"":[-73.974861375,40.736023909]}"
<HIDDEN>,"{""type"":""Point"",""coordinates"":[-73.974861375,40.736023909]}"
8Z5M5,"{""type"":""Point"",""coordinates"":[-73.974861375,40.736023909]}"
<HIDDEN>,"{""type"":""Point"",""coordinates"":[-73.974861375,40.736023909]}"
<HIDDEN>,"{""type"":""Point"",""coordinates"":[-73.974861375,40.736023909]}"
HP-Print-AD-Officejet 6600,"{""type"":""Point"",""coordinates"":[-73.974861375,40.736023909]}"
<HIDDEN>,"{""type"":""Point"",""coordinates"":[-73.974861375,40.736023909]}"
3NDC7,"{""type"":""Point"",""coordinates"":[-73.974861375,40.736023909]}"
<HIDDEN>,"{""type"":""Point"",""coordinates"":[-73.974861375,40.736023909]}"
PCVSTM,"{""type"":""Point"",""coordinates"":[-73.975007601,40.735434638]}"
apt22k,"{""type"":""Point"",""coordinates"":[-73.975007601,40.735434638]}"
rw_wireless,"{""type"":""Point"",""coordinates"":[-73.975007601,40.735434638]}"
SolarOneFDR,"{""type"":""Point"",""coordinates"":[-73.973719198,40.734364479]}"
PCVSTM,"{""type"":""Point"",""coordinates"":[-73.973719198,40.734364479]}"
5W6J6,"{""type"":""Point"",""coordinates"":[-73.973719198,40.734364479]}"
jethro,"{""type"":""Point"",""coordinates"":[-73.973719198,40.734364479]}"
PC8,"{""type"":""Point"",""coordinates"":[-73.974342443,40.734526437]}"
Birdcountry,"{""type"":""Point"",""coordinates"":[-73.974342443,40.734526437]}"
T1O14,"{""type"":""Point"",""coordinates"":[-73.974342443,40.734526437]}"
PCVSTM,"{""type"":""Point"",""coordinates"":[-73.974342443,40.734526437]}"
8OD54,"{""type"":""Point"",""coordinates"":[-73.974342443,40.734526437]}"
PCVSTM,"{""type"":""Point"",""coordinates"":[-73.974342443,40.734526437]}"
5KVV5,"{""type"":""Point"",""coordinates"":[-73.974342443,40.734526437]}"
8S6R5,"{""type"":""Point"",""coordinates"":[-73.974342443,40.734526437]}"
LandN,"{""type"":""Point"",""coordinates"":[-73.971069968,40.733271586]}"
DefinitelyNotAMethLab,"{""type"":""Point"",""coordinates"":[-73.971069968,40.733271586]}"
AMENITIES-S,"{""type"":""Point"",""coordinates"":[-73.971069968,40.733271586]}"
VQNS2,"{""type"":""Point"",""coordinates"":[-73.971069968,40.733271586]}"
PCVSTM,"{""type"":""Point"",""coordinates"":[-73.971069968,40.733271586]}"
XC6CM,"{""type"":""Point"",""coordinates"":[-73.971069968,40.733271586]}"
XYJ52,"{""type"":""Point"",""coordinates"":[-73.971069968,40.733271586]}"
Q8GG1,"{""type"":""Point"",""coordinates"":[-73.971069968,40.733271586]}"
SIMONSAYS,"{""type"":""Point"",""coordinates"":[-73.969215039,40.735552063]}"
MD601,"{""type"":""Point"",""coordinates"":[-73.969215039,40.735552063]}"
Pinchit,"{""type"":""Point"",""coordinates"":[-73.969215039,40.735552063]}"
PGCJ4,"{""type"":""Point"",""coordinates"":[-73.969215039,40.735552063]}"
PCVSTM,"{""type"":""Point"",""coordinates"":[-73.969215039,40.735552063]}"
nyt40e000,"{""type"":""Point"",""coordinates"":[-73.969215039,40.735552063]}"
CiscoC3946,"{""type"":""Point"",""coordinates"":[-73.973848952,40.732699869]}"
G2R9D,"{""type"":""Point"",""coordinates"":[-73.973848952,40.732699869]}"
Mark,"{""type"":""Point"",""coordinates"":[-73.973848952,40.732699869]}"
Sunset,"{""type"":""Point"",""coordinates"":[-73.973848952,40.732699869]}"
TEGW3,"{""type"":""Point"",""coordinates"":[-73.973848952,40.732699869]}"
8DCD0,"{""type"":""Point"",""coordinates"":[-73.973848952,40.732699869]}"
PCVSTM,"{""type"":""Point"",""coordinates"":[-73.972928089,40.732530153]}"
PCVSTM,"{""type"":""Point"",""coordinates"":[-73.972928089,40.732530153]}"
3192a,"{""type"":""Point"",""coordinates"":[-73.972928089,40.732530153]}"
bison,"{""type"":""Point"",""coordinates"":[-73.972928089,40.732530153]}"
DVW3201BA0,"{""type"":""Point"",""coordinates"":[-73.972928089,40.732530153]}"
GRLB7,"{""type"":""Point"",""coordinates"":[-73.972928089,40.732530153]}"
LZF44,"{""type"":""Point"",""coordinates"":[-73.972928089,40.732530153]}"
YS2QC,"{""type"":""Point"",""coordinates"":[-73.972928089,40.732530153]}"
netty,"{""type"":""Point"",""coordinates"":[-73.974185326,40.732259793]}"
N7R65,"{""type"":""Point"",""coordinates"":[-73.974185326,40.732259793]}"
XPCH6,"{""type"":""Point"",""coordinates"":[-73.974185326,40.732259793]}"
Stuytown,"{""type"":""Point"",""coordinates"":[-73.974185326,40.732259793]}"
belkin.ca8,"{""type"":""Point"",""coordinates"":[-73.974185326,40.732259793]}"
Cisco_WPS_11639,"{""type"":""Point"",""coordinates"":[-73.974185326,40.732259793]}"
UD3U1,"{""type"":""Point"",""coordinates"":[-73.974185326,40.732259793]}"
rosebrian-guest,"{""type"":""Point"",""coordinates"":[-73.974185326,40.732259793]}"
rosebrian,"{""type"":""Point"",""coordinates"":[-73.974185326,40.732259793]}"
Primates,"{""type"":""Point"",""coordinates"":[-73.974450527,40.730534031]}"
R2GI2,"{""type"":""Point"",""coordinates"":[-73.974450527,40.730534031]}"
dlink,"{""type"":""Point"",""coordinates"":[-73.974450527,40.730534031]}"
Apt02-A,"{""type"":""Point"",""coordinates"":[-73.974450527,40.730534031]}"
aquaterra,"{""type"":""Point"",""coordinates"":[-73.974450527,40.730534031]}"
WirelessNetwork,"{""type"":""Point"",""coordinates"":[-73.974450527,40.730534031]}"
hzz,"{""type"":""Point"",""coordinates"":[-73.974450527,40.730534031]}"
<HIDDEN>,"{""type"":""Point"",""coordinates"":[-73.974450527,40.730534031]}"
WJH44,"{""type"":""Point"",""coordinates"":[-73.974450527,40.730534031]}"
HOYAS,"{""type"":""Point"",""coordinates"":[-73.974450527,40.730534031]}"
4XQX3,"{""type"":""Point"",""coordinates"":[-73.974450527,40.730534031]}"
9W4F8,"{""type"":""Point"",""coordinates"":[-73.974450527,40.730534031]}"
MTHB4,"{""type"":""Point"",""coordinates"":[-73.974450527,40.730534031]}"
Belkin_G_Wireless_,"{""type"":""Point"",""coordinates"":[-73.974450527,40.730534031]}"
95LYJ,"{""type"":""Point"",""coordinates"":[-73.974450527,40.730534031]}"
LM8A2,"{""type"":""Point"",""coordinates"":[-73.974450527,40.730534031]}"
FDXQ0,"{""type"":""Point"",""coordinates"":[-73.974450527,40.730534031]}"
Abraham-Linksys,"{""type"":""Point"",""coordinates"":[-73.974450527,40.730534031]}"
<HIDDEN>,"{""type"":""Point"",""coordinates"":[-73.974450527,40.730534031]}"
Dima's WiFi,"{""type"":""Point"",""coordinates"":[-73.974450527,40.730534031]}"
Gallifrey,"{""type"":""Point"",""coordinates"":[-73.974123473,40.731060063]}"
U9AB7,"{""type"":""Point"",""coordinates"":[-73.974123473,40.731060063]}"
daisynyc,"{""type"":""Point"",""coordinates"":[-73.974123473,40.731060063]}"
5HCCM,"{""type"":""Point"",""coordinates"":[-73.974123473,40.731060063]}"
PCVSTM,"{""type"":""Point"",""coordinates"":[-73.974123473,40.731060063]}"
XJXF2,"{""type"":""Point"",""coordinates"":[-73.974123473,40.731060063]}"
NYLA07,"{""type"":""Point"",""coordinates"":[-73.974123473,40.731060063]}"
7RZJ4,"{""type"":""Point"",""coordinates"":[-73.974123473,40.731060063]}"
I9XB1,"{""type"":""Point"",""coordinates"":[-73.974123473,40.731060063]}"
X1CV7,"{""type"":""Point"",""coordinates"":[-73.974123473,40.731060063]}"
Casey,"{""type"":""Point"",""coordinates"":[-73.97475821,40.731095946]}"
3JQN1,"{""type"":""Point"",""coordinates"":[-73.97475821,40.731095946]}"
belkin.642,"{""type"":""Point"",""coordinates"":[-73.97475821,40.731095946]}"
3U3N7,"{""type"":""Point"",""coordinates"":[-73.97475821,40.731095946]}"
BlackIceNetwork,"{""type"":""Point"",""coordinates"":[-73.97475821,40.731095946]}"
4S42N,"{""type"":""Point"",""coordinates"":[-73.97475821,40.731095946]}"
1A,"{""type"":""Point"",""coordinates"":[-73.97475821,40.731095946]}"
5H623,"{""type"":""Point"",""coordinates"":[-73.97475821,40.731095946]}"
Hneuron,"{""type"":""Point"",""coordinates"":[-73.97475821,40.731095946]}"
PCVST-FM,"{""type"":""Point"",""coordinates"":[-73.97475821,40.731095946]}"
RS6XQ,"{""type"":""Point"",""coordinates"":[-73.97475821,40.731095946]}"
G2H52,"{""type"":""Point"",""coordinates"":[-73.97475821,40.731095946]}"
SFP36,"{""type"":""Point"",""coordinates"":[-73.97475821,40.731095946]}"
PCVST-MOTO,"{""type"":""Point"",""coordinates"":[-73.97475821,40.731095946]}"
L5TFD,"{""type"":""Point"",""coordinates"":[-73.97475821,40.731095946]}"
73HL5,"{""type"":""Point"",""coordinates"":[-73.97475821,40.731095946]}"
QRKBJ,"{""type"":""Point"",""coordinates"":[-73.97475821,40.731095946]}"
DKYQ4,"{""type"":""Point"",""coordinates"":[-73.97475821,40.731095946]}"
KIRSTIN-PC_Network,"{""type"":""Point"",""coordinates"":[-73.97475821,40.731095946]}"
C2YH7,"{""type"":""Point"",""coordinates"":[-73.97475821,40.731095946]}"
5B885,"{""type"":""Point"",""coordinates"":[-73.97475821,40.731095946]}"
38MTN,"{""type"":""Point"",""coordinates"":[-73.97475821,40.731095946]}"
NotForYou2,"{""type"":""Point"",""coordinates"":[-73.97475821,40.731095946]}"
QFXR1,"{""type"":""Point"",""coordinates"":[-73.97475821,40.731095946]}"
ANTHONY66,"{""type"":""Point"",""coordinates"":[-73.97475821,40.731095946]}"
PCVSTM,"{""type"":""Point"",""coordinates"":[-73.97475821,40.731095946]}"
suzan1,"{""type"":""Point"",""coordinates"":[-73.97475821,40.731095946]}"
drevdir655,"{""type"":""Point"",""coordinates"":[-73.97475821,40.731095946]}"
W7YY2,"{""type"":""Point"",""coordinates"":[-73.97475821,40.731095946]}"
ZCDMJ,"{""type"":""Point"",""coordinates"":[-73.97475821,40.731095946]}"
NG9F5,"{""type"":""Point"",""coordinates"":[-73.97475821,40.731095946]}"
J4RG1,"{""type"":""Point"",""coordinates"":[-73.97475821,40.731095946]}"
2WYRG,"{""type"":""Point"",""coordinates"":[-73.976112458,40.730475333]}"
LIQG1,"{""type"":""Point"",""coordinates"":[-73.976112458,40.730475333]}"
DZD81,"{""type"":""Point"",""coordinates"":[-73.976112458,40.730475333]}"
SBG65801A,"{""type"":""Point"",""coordinates"":[-73.976112458,40.730475333]}"
5L9F5,"{""type"":""Point"",""coordinates"":[-73.976112458,40.730475333]}"
74ZQG,"{""type"":""Point"",""coordinates"":[-73.976112458,40.730475333]}"
PCVSTM,"{""type"":""Point"",""coordinates"":[-73.976112458,40.730475333]}"
87FH2,"{""type"":""Point"",""coordinates"":[-73.976112458,40.730475333]}"
VikingsNation,"{""type"":""Point"",""coordinates"":[-73.976112458,40.730475333]}"
<HIDDEN>,"{""type"":""Point"",""coordinates"":[-73.976112458,40.730475333]}"
<HIDDEN>,"{""type"":""Point"",""coordinates"":[-73.976112458,40.730475333]}"
JCLZJ,"{""type"":""Point"",""coordinates"":[-73.976112458,40.730475333]}"
SBG6580F7,"{""type"":""Point"",""coordinates"":[-73.976375127,40.730287882]}"
NETGEAR,"{""type"":""Point"",""coordinates"":[-73.976375127,40.730287882]}"
49AI0,"{""type"":""Point"",""coordinates"":[-73.976375127,40.730287882]}"
OTN42,"{""type"":""Point"",""coordinates"":[-73.976375127,40.730287882]}"
belkin.86a,"{""type"":""Point"",""coordinates"":[-73.976375127,40.730287882]}"
VZ2D0,"{""type"":""Point"",""coordinates"":[-73.976375127,40.730287882]}"
SFV73,"{""type"":""Point"",""coordinates"":[-73.976375127,40.730287882]}"
TSPY2,"{""type"":""Point"",""coordinates"":[-73.976375127,40.730287882]}"
Apple Network c12a5b,"{""type"":""Point"",""coordinates"":[-73.976375127,40.730287882]}"
F24WQ,"{""type"":""Point"",""coordinates"":[-73.976375127,40.730287882]}"
JGR95,"{""type"":""Point"",""coordinates"":[-73.976375127,40.730287882]}"
ClubCC,"{""type"":""Point"",""coordinates"":[-73.976375127,40.730287882]}"
LUF22,"{""type"":""Point"",""coordinates"":[-73.976375127,40.730287882]}"
LLM Home,"{""type"":""Point"",""coordinates"":[-73.976375127,40.730287882]}"
sist,"{""type"":""Point"",""coordinates"":[-73.976375127,40.730287882]}"
E56L1,"{""type"":""Point"",""coordinates"":[-73.976375127,40.730287882]}"
653tyy,"{""type"":""Point"",""coordinates"":[-73.976375127,40.730287882]}"
Cat Stargate,"{""type"":""Point"",""coordinates"":[-73.976375127,40.730287882]}"
Y82DJ,"{""type"":""Point"",""coordinates"":[-73.976375127,40.730287882]}"
Humble Piety,"{""type"":""Point"",""coordinates"":[-73.976908769,40.73052246]}"
6XMR5,"{""type"":""Point"",""coordinates"":[-73.976908769,40.73052246]}"
Belkin.3190,"{""type"":""Point"",""coordinates"":[-73.976908769,40.73052246]}"
5YIP0,"{""type"":""Point"",""coordinates"":[-73.976908769,40.73052246]}"
Friends of Reckless,"{""type"":""Point"",""coordinates"":[-73.976908769,40.73052246]}"
HOME,"{""type"":""Point"",""coordinates"":[-73.976908769,40.73052246]}"
Toeshoe,"{""type"":""Point"",""coordinates"":[-73.976908769,40.73052246]}"
WJ923,"{""type"":""Point"",""coordinates"":[-73.976908769,40.73052246]}"
GoldSquad-guest,"{""type"":""Point"",""coordinates"":[-73.976908769,40.73052246]}"
RCNBM,"{""type"":""Point"",""coordinates"":[-73.976908769,40.73052246]}"
S24T9,"{""type"":""Point"",""coordinates"":[-73.976908769,40.73052246]}"
PCVSTM,"{""type"":""Point"",""coordinates"":[-73.976908769,40.73052246]}"
RA6I1,"{""type"":""Point"",""coordinates"":[-73.976908769,40.73052246]}"
Z234F,"{""type"":""Point"",""coordinates"":[-73.976908769,40.73052246]}"
McLovin,"{""type"":""Point"",""coordinates"":[-73.976908769,40.73052246]}"
7M2GN,"{""type"":""Point"",""coordinates"":[-73.976908769,40.73052246]}"
Fitty,"{""type"":""Point"",""coordinates"":[-73.976908769,40.73052246]}"
FYRTN,"{""type"":""Point"",""coordinates"":[-73.976908769,40.73052246]}"
Apt1f,"{""type"":""Point"",""coordinates"":[-73.976908769,40.73052246]}"
57TTN,"{""type"":""Point"",""coordinates"":[-73.976908769,40.73052246]}"
PCVSTM,"{""type"":""Point"",""coordinates"":[-73.976908769,40.73052246]}"
Elwood Two,"{""type"":""Point"",""coordinates"":[-73.976908769,40.73052246]}"
Smurfy,"{""type"":""Point"",""coordinates"":[-73.976908769,40.73052246]}"
andrewflesch2003-guest,"{""type"":""Point"",""coordinates"":[-73.976908769,40.73052246]}"
andrewflesch2003,"{""type"":""Point"",""coordinates"":[-73.976908769,40.73052246]}"
belkin.d72,"{""type"":""Point"",""coordinates"":[-73.976887706,40.730440413]}"
HARRIS,"{""type"":""Point"",""coordinates"":[-73.976887706,40.730440413]}"
PCVSTM,"{""type"":""Point"",""coordinates"":[-73.976887706,40.730440413]}"
TGZ82,"{""type"":""Point"",""coordinates"":[-73.976887706,40.730440413]}"
N2QENWireless,"{""type"":""Point"",""coordinates"":[-73.976887706,40.730440413]}"
Harns01,"{""type"":""Point"",""coordinates"":[-73.976887706,40.730440413]}"
CEHN3,"{""type"":""Point"",""coordinates"":[-73.976887706,40.730440413]}"
ActAFool,"{""type"":""Point"",""coordinates"":[-73.976887706,40.730440413]}"
belkin.fe8,"{""type"":""Point"",""coordinates"":[-73.976887706,40.730440413]}"
Aloha,"{""type"":""Point"",""coordinates"":[-73.976887706,40.730440413]}"
1A,"{""type"":""Point"",""coordinates"":[-73.976887706,40.730440413]}"
DVW3201BAC,"{""type"":""Point"",""coordinates"":[-73.979831838,40.732006815]}"
HOMECLEAR,"{""type"":""Point"",""coordinates"":[-73.979831838,40.732006815]}"
W3FD5,"{""type"":""Point"",""coordinates"":[-73.979831838,40.732006815]}"
SSXC1,"{""type"":""Point"",""coordinates"":[-73.979831838,40.732006815]}"
lafuente,"{""type"":""Point"",""coordinates"":[-73.979831838,40.732006815]}"
Mike & Luis Wireless Network,"{""type"":""Point"",""coordinates"":[-73.979831838,40.732006815]}"
9C9B3,"{""type"":""Point"",""coordinates"":[-73.979831838,40.732006815]}"
PCVSTM,"{""type"":""Point"",""coordinates"":[-73.979831838,40.732006815]}"
XTNP2011,"{""type"":""Point"",""coordinates"":[-73.979831838,40.732006815]}"
NU895,"{""type"":""Point"",""coordinates"":[-73.979831838,40.732006815]}"
yehjia,"{""type"":""Point"",""coordinates"":[-73.979831838,40.732006815]}"
PCVSTM,"{""type"":""Point"",""coordinates"":[-73.979831838,40.732006815]}"
OPX62,"{""type"":""Point"",""coordinates"":[-73.979831838,40.732006815]}"
portthru,"{""type"":""Point"",""coordinates"":[-73.979831838,40.732006815]}"
PCVSTM,"{""type"":""Point"",""coordinates"":[-73.979831838,40.732006815]}"
NYCPD,"{""type"":""Point"",""coordinates"":[-73.979831838,40.732006815]}"
LuuFuWiFi,"{""type"":""Point"",""coordinates"":[-73.979831838,40.732006815]}"
Gstein-Jedi-guest,"{""type"":""Point"",""coordinates"":[-73.979831838,40.732006815]}"
Netgear1,"{""type"":""Point"",""coordinates"":[-73.979831838,40.732006815]}"
NHUN5,"{""type"":""Point"",""coordinates"":[-73.979831838,40.732006815]}"
Rocke Home,"{""type"":""Point"",""coordinates"":[-73.979831838,40.732006815]}"
DXF2N,"{""type"":""Point"",""coordinates"":[-73.979162796,40.731126942]}"
5RSA4,"{""type"":""Point"",""coordinates"":[-73.979162796,40.731126942]}"
DDW3611DA,"{""type"":""Point"",""coordinates"":[-73.979162796,40.731126942]}"
skynet,"{""type"":""Point"",""coordinates"":[-73.979162796,40.731126942]}"
DEA Surveillance Drone 23A,"{""type"":""Point"",""coordinates"":[-73.979162796,40.731126942]}"
PCVSTM,"{""type"":""Point"",""coordinates"":[-73.979162796,40.731126942]}"
9D6DF,"{""type"":""Point"",""coordinates"":[-73.979162796,40.731126942]}"
LCKT2,"{""type"":""Point"",""coordinates"":[-73.979162796,40.731126942]}"
6T8S3,"{""type"":""Point"",""coordinates"":[-73.979162796,40.731126942]}"
2K4H8,"{""type"":""Point"",""coordinates"":[-73.979162796,40.731126942]}"
Stand wi-fi,"{""type"":""Point"",""coordinates"":[-73.979162796,40.731126942]}"
9PFGL,"{""type"":""Point"",""coordinates"":[-73.979162796,40.731126942]}"
xfinitywifi,"{""type"":""Point"",""coordinates"":[-73.979162796,40.731126942]}"
BOOM,"{""type"":""Point"",""coordinates"":[-73.979162796,40.731126942]}"
rrvideo24,"{""type"":""Point"",""coordinates"":[-73.979162796,40.731126942]}"
KLY3F,"{""type"":""Point"",""coordinates"":[-73.979162796,40.731126942]}"
E3C45,"{""type"":""Point"",""coordinates"":[-73.979162796,40.731126942]}"
PPGY2,"{""type"":""Point"",""coordinates"":[-73.981910426,40.731074491]}"
We Are All Frail,"{""type"":""Point"",""coordinates"":[-73.981910426,40.731074491]}"
U10C02298,"{""type"":""Point"",""coordinates"":[-73.981910426,40.731074491]}"
SBG65800C,"{""type"":""Point"",""coordinates"":[-73.981910426,40.731074491]}"
HGRNJF,"{""type"":""Point"",""coordinates"":[-73.981910426,40.731074491]}"
6B5O0,"{""type"":""Point"",""coordinates"":[-73.981910426,40.731074491]}"
optimumwifi,"{""type"":""Point"",""coordinates"":[-73.981910426,40.731074491]}"
CableWiFi,"{""type"":""Point"",""coordinates"":[-73.981910426,40.731074491]}"
.FREEWiFiGOWEX,"{""type"":""Point"",""coordinates"":[-73.981910426,40.731074491]}"
MTA5289,"{""type"":""Point"",""coordinates"":[-73.981910426,40.731074491]}"
TWCWiFi,"{""type"":""Point"",""coordinates"":[-73.981910426,40.731074491]}"
xfinitywifi,"{""type"":""Point"",""coordinates"":[-73.981910426,40.731074491]}"
optimumwifi,"{""type"":""Point"",""coordinates"":[-73.981910426,40.731074491]}"
CableWiFi,"{""type"":""Point"",""coordinates"":[-73.981910426,40.731074491]}"
.FREEWiFiGOWEX,"{""type"":""Point"",""coordinates"":[-73.981910426,40.731074491]}"
GLS3R,"{""type"":""Point"",""coordinates"":[-73.981910426,40.731074491]}"
35LM7,"{""type"":""Point"",""coordinates"":[-73.981910426,40.731074491]}"
TJ542,"{""type"":""Point"",""coordinates"":[-73.981910426,40.731074491]}"
TWCWiFi,"{""type"":""Point"",""coordinates"":[-73.981910426,40.731074491]}"
xfinitywifi,"{""type"":""Point"",""coordinates"":[-73.981910426,40.731074491]}"
optimumwifi,"{""type"":""Point"",""coordinates"":[-73.981910426,40.731074491]}"
CableWiFi,"{""type"":""Point"",""coordinates"":[-73.981910426,40.731074491]}"
.FREEWiFiGOWEX,"{""type"":""Point"",""coordinates"":[-73.981910426,40.731074491]}"
5EOS1,"{""type"":""Point"",""coordinates"":[-73.981910426,40.731074491]}"
PCVSTM,"{""type"":""Point"",""coordinates"":[-73.981910426,40.731074491]}"
72GN2,"{""type"":""Point"",""coordinates"":[-73.981910426,40.731074491]}"
TWCWiFi,"{""type"":""Point"",""coordinates"":[-73.981910426,40.731074491]}"
CableWiFi,"{""type"":""Point"",""coordinates"":[-73.981910426,40.731074491]}"
The_Batcave,"{""type"":""Point"",""coordinates"":[-73.981910426,40.731074491]}"
FVDL4,"{""type"":""Point"",""coordinates"":[-73.981910426,40.731074491]}"
TWCWiFi,"{""type"":""Point"",""coordinates"":[-73.981910426,40.731074491]}"
metrowifi,"{""type"":""Point"",""coordinates"":[-73.981910426,40.731074491]}"
optimumwifi,"{""type"":""Point"",""coordinates"":[-73.981910426,40.731074491]}"
CableWiFi,"{""type"":""Point"",""coordinates"":[-73.981910426,40.731074491]}"
.FREEWiFiGOWEX,"{""type"":""Point"",""coordinates"":[-73.981910426,40.731074491]}"
10C,"{""type"":""Point"",""coordinates"":[-73.981910426,40.731074491]}"
Verizon ADR6400L FE79,"{""type"":""Point"",""coordinates"":[-73.980202913,40.730705938]}"
metrowifi,"{""type"":""Point"",""coordinates"":[-73.980202913,40.730705938]}"
A9B11,"{""type"":""Point"",""coordinates"":[-73.980202913,40.730705938]}"
TWCWiFi,"{""type"":""Point"",""coordinates"":[-73.980202913,40.730705938]}"
metrowifi,"{""type"":""Point"",""coordinates"":[-73.980202913,40.730705938]}"
The Nookout,"{""type"":""Point"",""coordinates"":[-73.980202913,40.730705938]}"
xfinitywifi,"{""type"":""Point"",""coordinates"":[-73.980202913,40.730705938]}"
metrowifi,"{""type"":""Point"",""coordinates"":[-73.980202913,40.730705938]}"
CableWiFi,"{""type"":""Point"",""coordinates"":[-73.980202913,40.730705938]}"
.FREEWiFiGOWEX,"{""type"":""Point"",""coordinates"":[-73.980202913,40.730705938]}"
L7FZP,"{""type"":""Point"",""coordinates"":[-73.980202913,40.730705938]}"
10FX06088004,"{""type"":""Point"",""coordinates"":[-73.980202913,40.730705938]}"
TWCWiFi,"{""type"":""Point"",""coordinates"":[-73.980202913,40.730705938]}"
xfinitywifi,"{""type"":""Point"",""coordinates"":[-73.980202913,40.730705938]}"
metrowifi,"{""type"":""Point"",""coordinates"":[-73.980202913,40.730705938]}"
optimumwifi,"{""type"":""Point"",""coordinates"":[-73.980202913,40.730705938]}"
CableWiFi,"{""type"":""Point"",""coordinates"":[-73.980202913,40.730705938]}"
.FREEWiFiGOWEX,"{""type"":""Point"",""coordinates"":[-73.980202913,40.730705938]}"
xfinitywifi,"{""type"":""Point"",""coordinates"":[-73.980202913,40.730705938]}"
metrowifi,"{""type"":""Point"",""coordinates"":[-73.980202913,40.730705938]}"
KY5QK,"{""type"":""Point"",""coordinates"":[-73.980202913,40.730705938]}"
FancyCedar-guest,"{""type"":""Point"",""coordinates"":[-73.980202913,40.730705938]}"
L1AY3,"{""type"":""Point"",""coordinates"":[-73.980202913,40.730705938]}"
SX87F,"{""type"":""Point"",""coordinates"":[-73.980202913,40.730705938]}"
B1D6,"{""type"":""Point"",""coordinates"":[-73.980484889,40.730885882]}"
optimumwifi,"{""type"":""Point"",""coordinates"":[-73.980484889,40.730885882]}"
.FREEWiFiGOWEX,"{""type"":""Point"",""coordinates"":[-73.980484889,40.730885882]}"
VX5CM,"{""type"":""Point"",""coordinates"":[-73.980484889,40.730885882]}"
herro,"{""type"":""Point"",""coordinates"":[-73.980484889,40.730885882]}"
PHMO2,"{""type"":""Point"",""coordinates"":[-73.980484889,40.730885882]}"
I got the ill communication,"{""type"":""Point"",""coordinates"":[-73.980484889,40.730885882]}"
optimumwifi,"{""type"":""Point"",""coordinates"":[-73.980298221,40.730454389]}"
chickeninternet,"{""type"":""Point"",""coordinates"":[-73.980298221,40.730454389]}"
PPMGP,"{""type"":""Point"",""coordinates"":[-73.980298221,40.730454389]}"
TWCWiFi,"{""type"":""Point"",""coordinates"":[-73.980987985,40.731049832]}"
xfinitywifi,"{""type"":""Point"",""coordinates"":[-73.980987985,40.731049832]}"
optimumwifi,"{""type"":""Point"",""coordinates"":[-73.980987985,40.731049832]}"
CableWiFi,"{""type"":""Point"",""coordinates"":[-73.980987985,40.731049832]}"
4C53S,"{""type"":""Point"",""coordinates"":[-73.980987985,40.731049832]}"
Georgiou's Network,"{""type"":""Point"",""coordinates"":[-73.980987985,40.731049832]}"
Nanos,"{""type"":""Point"",""coordinates"":[-73.980987985,40.731049832]}"
A6JV3,"{""type"":""Point"",""coordinates"":[-73.980987985,40.731049832]}"
FancyCedar,"{""type"":""Point"",""coordinates"":[-73.980987985,40.731049832]}"
Gonkles,"{""type"":""Point"",""coordinates"":[-73.980987985,40.731049832]}"
metrowifi,"{""type"":""Point"",""coordinates"":[-73.98058098,40.730860336]}"
SQZ74,"{""type"":""Point"",""coordinates"":[-73.98058098,40.730860336]}"
GTBTF,"{""type"":""Point"",""coordinates"":[-73.98058098,40.730860336]}"
BeefWellungton,"{""type"":""Point"",""coordinates"":[-73.98058098,40.730860336]}"
BeefWellungton-guest,"{""type"":""Point"",""coordinates"":[-73.98058098,40.730860336]}"
alfa9,"{""type"":""Point"",""coordinates"":[-73.98058098,40.730860336]}"
11FX06021083,"{""type"":""Point"",""coordinates"":[-73.98058098,40.730860336]}"
V6T72,"{""type"":""Point"",""coordinates"":[-73.98058098,40.730860336]}"
8V684,"{""type"":""Point"",""coordinates"":[-73.98058098,40.730860336]}"
<HIDDEN>,"{""type"":""Point"",""coordinates"":[-73.98058098,40.730860336]}"
HerbalInc,"{""type"":""Point"",""coordinates"":[-73.98058098,40.730860336]}"
M2HG2,"{""type"":""Point"",""coordinates"":[-73.98058098,40.730860336]}"
goducks,"{""type"":""Point"",""coordinates"":[-73.981709202,40.731172236]}"
S.'s Network,"{""type"":""Point"",""coordinates"":[-73.981709202,40.731172236]}"
HAWA2,"{""type"":""Point"",""coordinates"":[-73.981709202,40.731172236]}"
WBTM7,"{""type"":""Point"",""coordinates"":[-73.981709202,40.731172236]}"
8ZDLP,"{""type"":""Point"",""coordinates"":[-73.981709202,40.731172236]}"
MANDY,"{""type"":""Point"",""coordinates"":[-73.981709202,40.731172236]}"
NETGEAR58,"{""type"":""Point"",""coordinates"":[-73.981709202,40.731172236]}"
Will's Wireless,"{""type"":""Point"",""coordinates"":[-73.981709202,40.731172236]}"
knighteamon,"{""type"":""Point"",""coordinates"":[-73.981709202,40.731172236]}"
FugWerks,"{""type"":""Point"",""coordinates"":[-73.981709202,40.731172236]}"
TWCWiFi,"{""type"":""Point"",""coordinates"":[-73.981709202,40.731172236]}"
ic,"{""type"":""Point"",""coordinates"":[-73.981709202,40.731172236]}"
4KBR0,"{""type"":""Point"",""coordinates"":[-73.981709202,40.731172236]}"
Zululand-guest,"{""type"":""Point"",""coordinates"":[-73.981709202,40.731172236]}"
sephora,"{""type"":""Point"",""coordinates"":[-73.981709202,40.731172236]}"
chopperrock,"{""type"":""Point"",""coordinates"":[-73.981709202,40.731172236]}"
NETGEAR67,"{""type"":""Point"",""coordinates"":[-73.981709202,40.731172236]}"
D2D8B6,"{""type"":""Point"",""coordinates"":[-73.981709202,40.731172236]}"
KFY6J,"{""type"":""Point"",""coordinates"":[-73.981709202,40.731172236]}"
M8AN1,"{""type"":""Point"",""coordinates"":[-73.981709202,40.731172236]}"
DVW3201B24,"{""type"":""Point"",""coordinates"":[-73.981709202,40.731172236]}"
cbb0505,"{""type"":""Point"",""coordinates"":[-73.981709202,40.731172236]}"
OP814,"{""type"":""Point"",""coordinates"":[-73.981709202,40.731172236]}"
Lynn's Network,"{""type"":""Point"",""coordinates"":[-73.981709202,40.731172236]}"
GnomesForScience,"{""type"":""Point"",""coordinates"":[-73.981748838,40.731090304]}"
<HIDDEN>,"{""type"":""Point"",""coordinates"":[-73.981748838,40.731090304]}"
W5490,"{""type"":""Point"",""coordinates"":[-73.981748838,40.731090304]}"
china,"{""type"":""Point"",""coordinates"":[-73.981748838,40.731090304]}"
QMXR2,"{""type"":""Point"",""coordinates"":[-73.981748838,40.731090304]}"
UXV32,"{""type"":""Point"",""coordinates"":[-73.981748838,40.731090304]}"
<HIDDEN>,"{""type"":""Point"",""coordinates"":[-73.981748838,40.731090304]}"
TWCWiFi,"{""type"":""Point"",""coordinates"":[-73.981748838,40.731090304]}"
xfinitywifi,"{""type"":""Point"",""coordinates"":[-73.981748838,40.731090304]}"
metrowifi,"{""type"":""Point"",""coordinates"":[-73.981748838,40.731090304]}"
optimumwifi,"{""type"":""Point"",""coordinates"":[-73.981748838,40.731090304]}"
CableWiFi,"{""type"":""Point"",""coordinates"":[-73.981748838,40.731090304]}"
.FREEWiFiGOWEX,"{""type"":""Point"",""coordinates"":[-73.981748838,40.731090304]}"
TWCWiFi,"{""type"":""Point"",""coordinates"":[-73.981748838,40.731090304]}"
xfinitywifi,"{""type"":""Point"",""coordinates"":[-73.981748838,40.731090304]}"
optimumwifi,"{""type"":""Point"",""coordinates"":[-73.981748838,40.731090304]}"
CableWiFi,"{""type"":""Point"",""coordinates"":[-73.981748838,40.731090304]}"
.FREEWiFiGOWEX,"{""type"":""Point"",""coordinates"":[-73.981748838,40.731090304]}"
TwoTVs,"{""type"":""Point"",""coordinates"":[-73.981748838,40.731090304]}"
AirportBridge Extreme,"{""type"":""Point"",""coordinates"":[-73.981748838,40.731090304]}"
FoxTravel,"{""type"":""Point"",""coordinates"":[-73.981748838,40.731090304]}"
H8IS1,"{""type"":""Point"",""coordinates"":[-73.981748838,40.731090304]}"
sloh,"{""type"":""Point"",""coordinates"":[-73.981748838,40.731090304]}"
galper,"{""type"":""Point"",""coordinates"":[-73.981748838,40.731090304]}"
RY4C3,"{""type"":""Point"",""coordinates"":[-73.981748838,40.731090304]}"
Rainbow Road,"{""type"":""Point"",""coordinates"":[-73.983077018,40.731473046]}"
Bazoo,"{""type"":""Point"",""coordinates"":[-73.983077018,40.731473046]}"
JC2,"{""type"":""Point"",""coordinates"":[-73.983077018,40.731473046]}"
C25SM,"{""type"":""Point"",""coordinates"":[-73.983077018,40.731473046]}"
TWCWiFi,"{""type"":""Point"",""coordinates"":[-73.983077018,40.731473046]}"
3FM4F,"{""type"":""Point"",""coordinates"":[-73.983077018,40.731473046]}"
<HIDDEN>,"{""type"":""Point"",""coordinates"":[-73.983077018,40.731473046]}"
ZYCSN,"{""type"":""Point"",""coordinates"":[-73.983077018,40.731473046]}"
TWCWiFi,"{""type"":""Point"",""coordinates"":[-73.983077018,40.731473046]}"
xfinitywifi,"{""type"":""Point"",""coordinates"":[-73.983077018,40.731473046]}"
metrowifi,"{""type"":""Point"",""coordinates"":[-73.983077018,40.731473046]}"
optimumwifi,"{""type"":""Point"",""coordinates"":[-73.983077018,40.731473046]}"
CableWiFi,"{""type"":""Point"",""coordinates"":[-73.983077018,40.731473046]}"
East Coast,"{""type"":""Point"",""coordinates"":[-73.983077018,40.731473046]}"
superhome,"{""type"":""Point"",""coordinates"":[-73.983077018,40.731473046]}"
SF9G5,"{""type"":""Point"",""coordinates"":[-73.983077018,40.731473046]}"
MSN65,"{""type"":""Point"",""coordinates"":[-73.983077018,40.731473046]}"
CACC,"{""type"":""Point"",""coordinates"":[-73.983077018,40.731473046]}"
Harrison's Wi-Fi Network,"{""type"":""Point"",""coordinates"":[-73.982393249,40.731564707]}"
<HIDDEN>,"{""type"":""Point"",""coordinates"":[-73.982393249,40.731564707]}"
<HIDDEN>,"{""type"":""Point"",""coordinates"":[-73.982393249,40.731564707]}"
CNWJ2,"{""type"":""Point"",""coordinates"":[-73.982393249,40.731564707]}"
HVM25_xt,"{""type"":""Point"",""coordinates"":[-73.982393249,40.731564707]}"
<HIDDEN>,"{""type"":""Point"",""coordinates"":[-73.982393249,40.731564707]}"
M4m786iA,"{""type"":""Point"",""coordinates"":[-73.982393249,40.731564707]}"
Emoxy,"{""type"":""Point"",""coordinates"":[-73.982393249,40.731564707]}"
<HIDDEN>,"{""type"":""Point"",""coordinates"":[-73.982393249,40.731564707]}"
<HIDDEN>,"{""type"":""Point"",""coordinates"":[-73.982393249,40.731564707]}"
carbon,"{""type"":""Point"",""coordinates"":[-73.982393249,40.731564707]}"
7PRTN,"{""type"":""Point"",""coordinates"":[-73.982393249,40.731564707]}"
2up2down-guest,"{""type"":""Point"",""coordinates"":[-73.982393249,40.731564707]}"
metrowifi,"{""type"":""Point"",""coordinates"":[-73.982393249,40.731564707]}"
12d,"{""type"":""Point"",""coordinates"":[-73.982393249,40.731564707]}"
11FX03026264,"{""type"":""Point"",""coordinates"":[-73.982393249,40.731564707]}"
WiFiRSU_3045a,"{""type"":""Point"",""coordinates"":[-73.982393249,40.731564707]}"
xfinitywifi,"{""type"":""Point"",""coordinates"":[-73.982393249,40.731564707]}"
Becky,"{""type"":""Point"",""coordinates"":[-73.982393249,40.731564707]}"
TG862G32,"{""type"":""Point"",""coordinates"":[-73.982393249,40.731564707]}"
ANNA-PC_Network,"{""type"":""Point"",""coordinates"":[-73.982393249,40.731564707]}"
metrowifi,"{""type"":""Point"",""coordinates"":[-73.982393249,40.731564707]}"
3YNHP,"{""type"":""Point"",""coordinates"":[-73.982393249,40.731564707]}"
2F8B,"{""type"":""Point"",""coordinates"":[-73.982393249,40.731564707]}"
U10C0223C,"{""type"":""Point"",""coordinates"":[-73.981865384,40.732928472]}"
Henry,"{""type"":""Point"",""coordinates"":[-73.981865384,40.732928472]}"
Alcove,"{""type"":""Point"",""coordinates"":[-73.981865384,40.732928472]}"
spicegirls,"{""type"":""Point"",""coordinates"":[-73.981865384,40.732928472]}"
ClearSPOT_a768c,"{""type"":""Point"",""coordinates"":[-73.981865384,40.732928472]}"
WR3DJ,"{""type"":""Point"",""coordinates"":[-73.981865384,40.732928472]}"
HPD110a.936540,"{""type"":""Point"",""coordinates"":[-73.981865384,40.732928472]}"
NETGEAR60,"{""type"":""Point"",""coordinates"":[-73.981865384,40.732928472]}"
metrowifi,"{""type"":""Point"",""coordinates"":[-73.981865384,40.732928472]}"
optimumwifi,"{""type"":""Point"",""coordinates"":[-73.981865384,40.732928472]}"
TWCWiFi,"{""type"":""Point"",""coordinates"":[-73.981865384,40.732928472]}"
xfinitywifi,"{""type"":""Point"",""coordinates"":[-73.981865384,40.732928472]}"
metrowifi,"{""type"":""Point"",""coordinates"":[-73.981865384,40.732928472]}"
.FREEWiFiGOWEX,"{""type"":""Point"",""coordinates"":[-73.981865384,40.732928472]}"
CableWiFi,"{""type"":""Point"",""coordinates"":[-73.981865384,40.732928472]}"
optimumwifi,"{""type"":""Point"",""coordinates"":[-73.981865384,40.732928472]}"
xfinitywifi,"{""type"":""Point"",""coordinates"":[-73.981865384,40.732928472]}"
CableWiFi,"{""type"":""Point"",""coordinates"":[-73.981865384,40.732928472]}"
.FREEWiFiGOWEX,"{""type"":""Point"",""coordinates"":[-73.981865384,40.732928472]}"
wehealny,"{""type"":""Point"",""coordinates"":[-73.981047838,40.732814807]}"
7357asM,"{""type"":""Point"",""coordinates"":[-73.981047838,40.732814807]}"
<HIDDEN>,"{""type"":""Point"",""coordinates"":[-73.981047838,40.732814807]}"
whatever,"{""type"":""Point"",""coordinates"":[-73.981047838,40.732814807]}"
<HIDDEN>,"{""type"":""Point"",""coordinates"":[-73.981047838,40.732814807]}"
chpnet,"{""type"":""Point"",""coordinates"":[-73.981047838,40.732814807]}"
mobileB,"{""type"":""Point"",""coordinates"":[-73.981047838,40.732814807]}"
<HIDDEN>,"{""type"":""Point"",""coordinates"":[-73.981047838,40.732814807]}"
<HIDDEN>,"{""type"":""Point"",""coordinates"":[-73.981047838,40.732814807]}"
<HIDDEN>,"{""type"":""Point"",""coordinates"":[-73.981047838,40.732814807]}"
HP-nomodel.33F1CE,"{""type"":""Point"",""coordinates"":[-73.981047838,40.732814807]}"
<HIDDEN>,"{""type"":""Point"",""coordinates"":[-73.981047838,40.732814807]}"
KYLK,"{""type"":""Point"",""coordinates"":[-73.981047838,40.732814807]}"
9344,"{""type"":""Point"",""coordinates"":[-73.981047838,40.732814807]}"
supernet,"{""type"":""Point"",""coordinates"":[-73.981047838,40.732814807]}"
sonchoy,"{""type"":""Point"",""coordinates"":[-73.981047838,40.732814807]}"
samira,"{""type"":""Point"",""coordinates"":[-73.981047838,40.732814807]}"
HP8C1BE3,"{""type"":""Point"",""coordinates"":[-73.981047838,40.732814807]}"
ranger_media,"{""type"":""Point"",""coordinates"":[-73.981047838,40.732814807]}"
RCN14B,"{""type"":""Point"",""coordinates"":[-73.981047838,40.732814807]}"
<HIDDEN>,"{""type"":""Point"",""coordinates"":[-73.981047838,40.732814807]}"
wehealny,"{""type"":""Point"",""coordinates"":[-73.981047838,40.732814807]}"
101,"{""type"":""Point"",""coordinates"":[-73.980249925,40.733356294]}"
Midori,"{""type"":""Point"",""coordinates"":[-73.980249925,40.733356294]}"
iansucks,"{""type"":""Point"",""coordinates"":[-73.980249925,40.733356294]}"
wehealny,"{""type"":""Point"",""coordinates"":[-73.980249925,40.733356294]}"
omarcoming,"{""type"":""Point"",""coordinates"":[-73.980249925,40.733356294]}"
John's Wi-Fi Network,"{""type"":""Point"",""coordinates"":[-73.980249925,40.733356294]}"
belkin.2f8.guests,"{""type"":""Point"",""coordinates"":[-73.980249925,40.733356294]}"
AlinaNet,"{""type"":""Point"",""coordinates"":[-73.980249925,40.733356294]}"
PCVSTM,"{""type"":""Point"",""coordinates"":[-73.980249925,40.733356294]}"
KeeraPatri,"{""type"":""Point"",""coordinates"":[-73.980249925,40.733356294]}"
stsega,"{""type"":""Point"",""coordinates"":[-73.980249925,40.733356294]}"
Wi-Is-It,"{""type"":""Point"",""coordinates"":[-73.980249925,40.733356294]}"
sCrEaMeRsP,"{""type"":""Point"",""coordinates"":[-73.980249925,40.733356294]}"
SBG65809D,"{""type"":""Point"",""coordinates"":[-73.980249925,40.733356294]}"
belkin.8ce,"{""type"":""Point"",""coordinates"":[-73.980249925,40.733356294]}"
otft_EXT,"{""type"":""Point"",""coordinates"":[-73.980249925,40.733356294]}"
Tundra,"{""type"":""Point"",""coordinates"":[-73.980249925,40.733356294]}"
NETGEAR82,"{""type"":""Point"",""coordinates"":[-73.980249925,40.733356294]}"
BronxNet,"{""type"":""Point"",""coordinates"":[-73.980249925,40.733356294]}"
47348L,"{""type"":""Point"",""coordinates"":[-73.980249925,40.733356294]}"
4finternet,"{""type"":""Point"",""coordinates"":[-73.980249925,40.733356294]}"
Monkjr87,"{""type"":""Point"",""coordinates"":[-73.980249925,40.733356294]}"
Leah's Wi-Fi Network,"{""type"":""Point"",""coordinates"":[-73.980249925,40.733356294]}"
nexus,"{""type"":""Point"",""coordinates"":[-73.980249925,40.733356294]}"
CleverMonkey-guest,"{""type"":""Point"",""coordinates"":[-73.980249925,40.733356294]}"
DVW3201BE0,"{""type"":""Point"",""coordinates"":[-73.980249925,40.733356294]}"
bangkok2,"{""type"":""Point"",""coordinates"":[-73.980349736,40.734470935]}"
joetech,"{""type"":""Point"",""coordinates"":[-73.980349736,40.734470935]}"
Tyrion's Woof Den,"{""type"":""Point"",""coordinates"":[-73.980349736,40.734470935]}"
RobsNet,"{""type"":""Point"",""coordinates"":[-73.980349736,40.734470935]}"
redrum,"{""type"":""Point"",""coordinates"":[-73.980349736,40.734470935]}"
NETGEAR80,"{""type"":""Point"",""coordinates"":[-73.980349736,40.734470935]}"
NETGEAR19,"{""type"":""Point"",""coordinates"":[-73.980349736,40.734470935]}"
charles,"{""type"":""Point"",""coordinates"":[-73.980349736,40.734470935]}"
339KW,"{""type"":""Point"",""coordinates"":[-73.980349736,40.734470935]}"
uncgirls,"{""type"":""Point"",""coordinates"":[-73.980349736,40.734470935]}"
tobias,"{""type"":""Point"",""coordinates"":[-73.980349736,40.734470935]}"
PCVSTM,"{""type"":""Point"",""coordinates"":[-73.980349736,40.734470935]}"
Kayla,"{""type"":""Point"",""coordinates"":[-73.980349736,40.734470935]}"
Meera Shah's Guest Network,"{""type"":""Point"",""coordinates"":[-73.980349736,40.734470935]}"
Meera Shah's Network,"{""type"":""Point"",""coordinates"":[-73.980349736,40.734470935]}"
10FX03009690,"{""type"":""Point"",""coordinates"":[-73.980349736,40.734470935]}"
Matireless I,"{""type"":""Point"",""coordinates"":[-73.980349736,40.734470935]}"
noparatodos,"{""type"":""Point"",""coordinates"":[-73.980349736,40.734470935]}"
Gramercy,"{""type"":""Point"",""coordinates"":[-73.980349736,40.734470935]}"
richard,"{""type"":""Point"",""coordinates"":[-73.980349736,40.734470935]}"
OysterDome,"{""type"":""Point"",""coordinates"":[-73.980349736,40.734470935]}"
NETGEAR_11ng,"{""type"":""Point"",""coordinates"":[-73.980349736,40.734470935]}"
Petite Abeille 20,"{""type"":""Point"",""coordinates"":[-73.980349736,40.734470935]}"
Test1,"{""type"":""Point"",""coordinates"":[-73.980349736,40.734470935]}"
NETGEAR97,"{""type"":""Point"",""coordinates"":[-73.979888292,40.735583871]}"
17C,"{""type"":""Point"",""coordinates"":[-73.979888292,40.735583871]}"
sam,"{""type"":""Point"",""coordinates"":[-73.979888292,40.735583871]}"
Stern,"{""type"":""Point"",""coordinates"":[-73.979888292,40.735583871]}"
sham,"{""type"":""Point"",""coordinates"":[-73.979888292,40.735583871]}"
D296,"{""type"":""Point"",""coordinates"":[-73.979888292,40.735583871]}"
DDGuestWiFi,"{""type"":""Point"",""coordinates"":[-73.979888292,40.735583871]}"
DG860A72,"{""type"":""Point"",""coordinates"":[-73.979888292,40.735583871]}"
VAMOS RESTAURANT,"{""type"":""Point"",""coordinates"":[-73.979888292,40.735583871]}"
HP-Print-FB-Officejet Pro 8600,"{""type"":""Point"",""coordinates"":[-73.979888292,40.735583871]}"
1Y495,"{""type"":""Point"",""coordinates"":[-73.979888292,40.735583871]}"
grammercy girls,"{""type"":""Point"",""coordinates"":[-73.979888292,40.735583871]}"
Club Euro,"{""type"":""Point"",""coordinates"":[-73.979888292,40.735583871]}"
PCVSTM,"{""type"":""Point"",""coordinates"":[-73.979888292,40.735583871]}"
BladeRunnerWeb,"{""type"":""Point"",""coordinates"":[-73.979888292,40.735583871]}"
NETGEAR_11ng,"{""type"":""Point"",""coordinates"":[-73.979888292,40.735583871]}"
Karim&Malek,"{""type"":""Point"",""coordinates"":[-73.979888292,40.735583871]}"
Apt 13H,"{""type"":""Point"",""coordinates"":[-73.979888292,40.735583871]}"
Batcave,"{""type"":""Point"",""coordinates"":[-73.979888292,40.735583871]}"
Apple Network 0be101,"{""type"":""Point"",""coordinates"":[-73.979106321,40.735447691]}"
<HIDDEN>,"{""type"":""Point"",""coordinates"":[-73.979106321,40.735447691]}"
SuperSlow,"{""type"":""Point"",""coordinates"":[-73.979106321,40.735447691]}"
Vinegar Strokes,"{""type"":""Point"",""coordinates"":[-73.979106321,40.735447691]}"
Pigeonhole,"{""type"":""Point"",""coordinates"":[-73.979106321,40.735447691]}"
PCVSTM,"{""type"":""Point"",""coordinates"":[-73.979106321,40.735447691]}"
NETGEAR58,"{""type"":""Point"",""coordinates"":[-73.979106321,40.735447691]}"
08FX04001820,"{""type"":""Point"",""coordinates"":[-73.979106321,40.735447691]}"
apartment371-d,"{""type"":""Point"",""coordinates"":[-73.979106321,40.735447691]}"
NETGEAR-Guest,"{""type"":""Point"",""coordinates"":[-73.979106321,40.735447691]}"
NETGEAR59,"{""type"":""Point"",""coordinates"":[-73.979106321,40.735447691]}"
NETGEAR,"{""type"":""Point"",""coordinates"":[-73.979106321,40.735447691]}"
0ZU04,"{""type"":""Point"",""coordinates"":[-73.979106321,40.735447691]}"
belkin.f44,"{""type"":""Point"",""coordinates"":[-73.979106321,40.735447691]}"
122A,"{""type"":""Point"",""coordinates"":[-73.979106321,40.735447691]}"
tangerine,"{""type"":""Point"",""coordinates"":[-73.979106321,40.735447691]}"
Pioneer,"{""type"":""Point"",""coordinates"":[-73.979106321,40.735447691]}"
ZS74S,"{""type"":""Point"",""coordinates"":[-73.979106321,40.735447691]}"
amisan,"{""type"":""Point"",""coordinates"":[-73.979106321,40.735447691]}"
TG862G92,"{""type"":""Point"",""coordinates"":[-73.979106321,40.735447691]}"
V564P,"{""type"":""Point"",""coordinates"":[-73.978781489,40.736731772]}"
EDWARD W's Wi-Fi Network,"{""type"":""Point"",""coordinates"":[-73.978781489,40.736731772]}"
DDW36113A,"{""type"":""Point"",""coordinates"":[-73.978781489,40.736731772]}"
Rudy,"{""type"":""Point"",""coordinates"":[-73.978781489,40.736731772]}"
P94LJ,"{""type"":""Point"",""coordinates"":[-73.978781489,40.736731772]}"
5Y025,"{""type"":""Point"",""coordinates"":[-73.978781489,40.736731772]}"
MOTOROLA-5F449,"{""type"":""Point"",""coordinates"":[-73.978781489,40.736731772]}"
Surfboard,"{""type"":""Point"",""coordinates"":[-73.978781489,40.736731772]}"
thewrongborough,"{""type"":""Point"",""coordinates"":[-73.978781489,40.736731772]}"
4757,"{""type"":""Point"",""coordinates"":[-73.978781489,40.736731772]}"
9A9D,"{""type"":""Point"",""coordinates"":[-73.978781489,40.736731772]}"
Jim,"{""type"":""Point"",""coordinates"":[-73.978781489,40.736731772]}"
<HIDDEN>,"{""type"":""Point"",""coordinates"":[-73.978781489,40.736731772]}"
ckeating,"{""type"":""Point"",""coordinates"":[-73.978781489,40.736731772]}"
Edileno's Wi-Fi Network,"{""type"":""Point"",""coordinates"":[-73.978781489,40.736731772]}"
April,"{""type"":""Point"",""coordinates"":[-73.978781489,40.736731772]}"
cafegreen,"{""type"":""Point"",""coordinates"":[-73.978781489,40.736731772]}"
Cheese,"{""type"":""Point"",""coordinates"":[-73.978781489,40.736731772]}"
NETGEAR-2.4-G,"{""type"":""Point"",""coordinates"":[-73.978781489,40.736731772]}"
whiskey,"{""type"":""Point"",""coordinates"":[-73.978781489,40.736731772]}"
chelsea's Wi-Fi Network,"{""type"":""Point"",""coordinates"":[-73.978781489,40.736731772]}"
roz's Wi-Fi Network,"{""type"":""Point"",""coordinates"":[-73.978781489,40.736731772]}"
<HIDDEN>,"{""type"":""Point"",""coordinates"":[-73.978232408,40.736254876]}"
HP-Print-53-Officejet Pro 8600,"{""type"":""Point"",""coordinates"":[-73.978232408,40.736254876]}"
dexter,"{""type"":""Point"",""coordinates"":[-73.978232408,40.736254876]}"
75M000W,"{""type"":""Point"",""coordinates"":[-73.978232408,40.736254876]}"
C2VFQ,"{""type"":""Point"",""coordinates"":[-73.978232408,40.736254876]}"
Mimsy,"{""type"":""Point"",""coordinates"":[-73.979321365,40.738007923]}"
Storch,"{""type"":""Point"",""coordinates"":[-73.979321365,40.738007923]}"
KPNU2,"{""type"":""Point"",""coordinates"":[-73.979321365,40.738007923]}"
D75MATC,"{""type"":""Point"",""coordinates"":[-73.979321365,40.738007923]}"
Baby Doe Betty,"{""type"":""Point"",""coordinates"":[-73.979321365,40.738007923]}"
CYTEXONE-34023,"{""type"":""Point"",""coordinates"":[-73.979321365,40.738007923]}"
H4JL3,"{""type"":""Point"",""coordinates"":[-73.979321365,40.738007923]}"
XHKT3,"{""type"":""Point"",""coordinates"":[-73.979321365,40.738007923]}"
9BP93,"{""type"":""Point"",""coordinates"":[-73.979321365,40.738007923]}"
6878,"{""type"":""Point"",""coordinates"":[-73.979321365,40.738007923]}"
John Shaft,"{""type"":""Point"",""coordinates"":[-73.979321365,40.738007923]}"
tita,"{""type"":""Point"",""coordinates"":[-73.979581173,40.739335413]}"
75M000W,"{""type"":""Point"",""coordinates"":[-73.979581173,40.739335413]}"
DG860A72,"{""type"":""Point"",""coordinates"":[-73.979581173,40.739335413]}"
6UPZ3,"{""type"":""Point"",""coordinates"":[-73.979581173,40.739335413]}"
Eastsidecafe,"{""type"":""Point"",""coordinates"":[-73.979581173,40.739335413]}"
NETGEAR51,"{""type"":""Point"",""coordinates"":[-73.979581173,40.739335413]}"
PSYJ4,"{""type"":""Point"",""coordinates"":[-73.979581173,40.739335413]}"
SF4W5,"{""type"":""Point"",""coordinates"":[-73.979581173,40.739335413]}"
SETUP,"{""type"":""Point"",""coordinates"":[-73.979581173,40.739335413]}"
QNZSD,"{""type"":""Point"",""coordinates"":[-73.979581173,40.739335413]}"
37RG4,"{""type"":""Point"",""coordinates"":[-73.977781025,40.7374784]}"
<HIDDEN>,"{""type"":""Point"",""coordinates"":[-73.977781025,40.7374784]}"
<HIDDEN>,"{""type"":""Point"",""coordinates"":[-73.977781025,40.7374784]}"
<HIDDEN>,"{""type"":""Point"",""coordinates"":[-73.977781025,40.7374784]}"
4011stave,"{""type"":""Point"",""coordinates"":[-73.977781025,40.7374784]}"
<HIDDEN>,"{""type"":""Point"",""coordinates"":[-73.977781025,40.7374784]}"
<HIDDEN>,"{""type"":""Point"",""coordinates"":[-73.977781025,40.7374784]}"
6KHK4,"{""type"":""Point"",""coordinates"":[-73.977781025,40.7374784]}"
NETGEAR37,"{""type"":""Point"",""coordinates"":[-73.977781025,40.7374784]}"
FNAP24GN,"{""type"":""Point"",""coordinates"":[-73.977781025,40.7374784]}"
<HIDDEN>,"{""type"":""Point"",""coordinates"":[-73.977781025,40.7374784]}"
<HIDDEN>,"{""type"":""Point"",""coordinates"":[-73.977781025,40.7374784]}"
<HIDDEN>,"{""type"":""Point"",""coordinates"":[-73.977781025,40.7374784]}"
HPN911a.C291FC,"{""type"":""Point"",""coordinates"":[-73.977781025,40.7374784]}"
<HIDDEN>,"{""type"":""Point"",""coordinates"":[-73.977781025,40.7374784]}"
cely,"{""type"":""Point"",""coordinates"":[-73.977781025,40.7374784]}"
<HIDDEN>,"{""type"":""Point"",""coordinates"":[-73.977781025,40.7374784]}"
<HIDDEN>,"{""type"":""Point"",""coordinates"":[-73.977781025,40.7374784]}"
MRT24,"{""type"":""Point"",""coordinates"":[-73.977781025,40.7374784]}"
nyupda,"{""type"":""Point"",""coordinates"":[-73.977873979,40.737654523]}"
nyu,"{""type"":""Point"",""coordinates"":[-73.977873979,40.737654523]}"
nyu,"{""type"":""Point"",""coordinates"":[-73.977873979,40.737654523]}"
nyuguest,"{""type"":""Point"",""coordinates"":[-73.977873979,40.737654523]}"
Wireless,"{""type"":""Point"",""coordinates"":[-73.977873979,40.737654523]}"
1D7Z3,"{""type"":""Point"",""coordinates"":[-73.977873979,40.737654523]}"
boogieman2G,"{""type"":""Point"",""coordinates"":[-73.977873979,40.737654523]}"
Lewis,"{""type"":""Point"",""coordinates"":[-73.977873979,40.737654523]}"
SHCHN,"{""type"":""Point"",""coordinates"":[-73.977873979,40.737654523]}"
homebase,"{""type"":""Point"",""coordinates"":[-73.977873979,40.737654523]}"
Mijin's Wi-Fi Network,"{""type"":""Point"",""coordinates"":[-73.977873979,40.737654523]}"
TALIB,"{""type"":""Point"",""coordinates"":[-73.977873979,40.737654523]}"
<HIDDEN>,"{""type"":""Point"",""coordinates"":[-73.977873979,40.737654523]}"
Princess,"{""type"":""Point"",""coordinates"":[-73.977873979,40.737654523]}"
<HIDDEN>,"{""type"":""Point"",""coordinates"":[-73.977873979,40.737654523]}"
<HIDDEN>,"{""type"":""Point"",""coordinates"":[-73.977873979,40.737654523]}"
<HIDDEN>,"{""type"":""Point"",""coordinates"":[-73.977873979,40.737654523]}"
nyupda,"{""type"":""Point"",""coordinates"":[-73.977873979,40.737654523]}"
NYU-ROAM3,"{""type"":""Point"",""coordinates"":[-73.977873979,40.737654523]}"
nyuguest,"{""type"":""Point"",""coordinates"":[-73.977873979,40.737654523]}"
<HIDDEN>,"{""type"":""Point"",""coordinates"":[-73.977873979,40.737654523]}"
<HIDDEN>,"{""type"":""Point"",""coordinates"":[-73.978810306,40.738153777]}"
<HIDDEN>,"{""type"":""Point"",""coordinates"":[-73.978810306,40.738153777]}"
HP-Print-d8-LaserJet 200,"{""type"":""Point"",""coordinates"":[-73.978810306,40.738153777]}"
RDSCI-Datatron EXT,"{""type"":""Point"",""coordinates"":[-73.978810306,40.738153777]}"
ADARCWireless,"{""type"":""Point"",""coordinates"":[-73.978810306,40.738153777]}"
HPJ310a.4AF44B,"{""type"":""Point"",""coordinates"":[-73.977428459,40.739372468]}"
PattyDukes,"{""type"":""Point"",""coordinates"":[-73.977428459,40.739372468]}"
NETGEAR-Guest,"{""type"":""Point"",""coordinates"":[-73.977428459,40.739372468]}"
sheba,"{""type"":""Point"",""coordinates"":[-73.977428459,40.739372468]}"
Meirelles's Network,"{""type"":""Point"",""coordinates"":[-73.977428459,40.739372468]}"
NETGEAR-2.4-Grichard,"{""type"":""Point"",""coordinates"":[-73.977428459,40.739372468]}"
linksys,"{""type"":""Point"",""coordinates"":[-73.977428459,40.739372468]}"
LobsterHouse,"{""type"":""Point"",""coordinates"":[-73.977428459,40.739372468]}"
mexp,"{""type"":""Point"",""coordinates"":[-73.977428459,40.739372468]}"
<HIDDEN>,"{""type"":""Point"",""coordinates"":[-73.977428459,40.739372468]}"
belkin.a64,"{""type"":""Point"",""coordinates"":[-73.977428459,40.739372468]}"
Tula2,"{""type"":""Point"",""coordinates"":[-73.977428459,40.739372468]}"
<HIDDEN>,"{""type"":""Point"",""coordinates"":[-73.976324613,40.739757614]}"
<HIDDEN>,"{""type"":""Point"",""coordinates"":[-73.976324613,40.739757614]}"
<HIDDEN>,"{""type"":""Point"",""coordinates"":[-73.976324613,40.739757614]}"
<HIDDEN>,"{""type"":""Point"",""coordinates"":[-73.976324613,40.739757614]}"
<HIDDEN>,"{""type"":""Point"",""coordinates"":[-73.976324613,40.739757614]}"
<HIDDEN>,"{""type"":""Point"",""coordinates"":[-73.976324613,40.739757614]}"
<HIDDEN>,"{""type"":""Point"",""coordinates"":[-73.976324613,40.739757614]}"
RobertAsus,"{""type"":""Point"",""coordinates"":[-73.976324613,40.739757614]}"
Bvue-Data,"{""type"":""Point"",""coordinates"":[-73.976324613,40.739757614]}"
Tvp59,"{""type"":""Point"",""coordinates"":[-73.976324613,40.739757614]}"
RDSCI-Datatron EXT,"{""type"":""Point"",""coordinates"":[-73.976324613,40.739757614]}"
NETGEAR07,"{""type"":""Point"",""coordinates"":[-73.976324613,40.739757614]}"
<HIDDEN>,"{""type"":""Point"",""coordinates"":[-73.976324613,40.739757614]}"
<HIDDEN>,"{""type"":""Point"",""coordinates"":[-73.976324613,40.739757614]}"
<HIDDEN>,"{""type"":""Point"",""coordinates"":[-73.976324613,40.739757614]}"
<HIDDEN>,"{""type"":""Point"",""coordinates"":[-73.976324613,40.739757614]}"
<HIDDEN>,"{""type"":""Point"",""coordinates"":[-73.976324613,40.739757614]}"
<HIDDEN>,"{""type"":""Point"",""coordinates"":[-73.976324613,40.739757614]}"
<HIDDEN>,"{""type"":""Point"",""coordinates"":[-73.976324613,40.739757614]}"
Bvue-Data,"{""type"":""Point"",""coordinates"":[-73.976324613,40.739757614]}"
Bvue-Data,"{""type"":""Point"",""coordinates"":[-73.976324613,40.739757614]}"
joshua1212,"{""type"":""Point"",""coordinates"":[-73.976324613,40.739757614]}"
<HIDDEN>,"{""type"":""Point"",""coordinates"":[-73.976324613,40.739757614]}"
Keisha1,"{""type"":""Point"",""coordinates"":[-73.976324613,40.739757614]}"
<HIDDEN>,"{""type"":""Point"",""coordinates"":[-73.976324613,40.739757614]}"
DVW3201B18,"{""type"":""Point"",""coordinates"":[-73.976324613,40.739757614]}"
<HIDDEN>,"{""type"":""Point"",""coordinates"":[-73.976324613,40.739757614]}"
<HIDDEN>,"{""type"":""Point"",""coordinates"":[-73.976324613,40.739757614]}"
belkin.a64.guests,"{""type"":""Point"",""coordinates"":[-73.976324613,40.739757614]}"
DVW3201B20,"{""type"":""Point"",""coordinates"":[-73.97620901,40.739931207]}"
Bvue-Data,"{""type"":""Point"",""coordinates"":[-73.97620901,40.739931207]}"
Gonz,"{""type"":""Point"",""coordinates"":[-73.97620901,40.739931207]}"
<HIDDEN>,"{""type"":""Point"",""coordinates"":[-73.97620901,40.739931207]}"
NPRIVERA,"{""type"":""Point"",""coordinates"":[-73.97620901,40.739931207]}"
DVW3201B60,"{""type"":""Point"",""coordinates"":[-73.97620901,40.739931207]}"
7MTWB,"{""type"":""Point"",""coordinates"":[-73.97620901,40.739931207]}"
jzou,"{""type"":""Point"",""coordinates"":[-73.972975693,40.737349003]}"
jzou-guest,"{""type"":""Point"",""coordinates"":[-73.972975693,40.737349003]}"
Linksys,"{""type"":""Point"",""coordinates"":[-73.972975693,40.737349003]}"
<HIDDEN>,"{""type"":""Point"",""coordinates"":[-73.972975693,40.737349003]}"
dlink-6108,"{""type"":""Point"",""coordinates"":[-73.972975693,40.737349003]}"
belkin.4a6,"{""type"":""Point"",""coordinates"":[-73.972975693,40.737349003]}"
WangNWong,"{""type"":""Point"",""coordinates"":[-73.972975693,40.737349003]}"
D8VDJ,"{""type"":""Point"",""coordinates"":[-73.972975693,40.737349003]}"
mna564bcx,"{""type"":""Point"",""coordinates"":[-73.972975693,40.737349003]}"
RABerdahl,"{""type"":""Point"",""coordinates"":[-73.972975693,40.737349003]}"
belkin.14A,"{""type"":""Point"",""coordinates"":[-73.972975693,40.737349003]}"
Belkin_G_Wireless_B86143,"{""type"":""Point"",""coordinates"":[-73.972975693,40.737349003]}"
Scamper,"{""type"":""Point"",""coordinates"":[-73.977941561,40.739846829]}"
belkin.b8b,"{""type"":""Point"",""coordinates"":[-73.977941561,40.739846829]}"
MRGRENWICK,"{""type"":""Point"",""coordinates"":[-73.977941561,40.739846829]}"
Peppercorn,"{""type"":""Point"",""coordinates"":[-73.977941561,40.739846829]}"
PrettyFly4aWifi ,"{""type"":""Point"",""coordinates"":[-73.977941561,40.739846829]}"
Annli2230,"{""type"":""Point"",""coordinates"":[-73.977941561,40.739846829]}"
pan,"{""type"":""Point"",""coordinates"":[-73.977941561,40.739846829]}"
khmnyc,"{""type"":""Point"",""coordinates"":[-73.977941561,40.739846829]}"
CD-Net,"{""type"":""Point"",""coordinates"":[-73.977941561,40.739846829]}"
CD-Net-guest,"{""type"":""Point"",""coordinates"":[-73.977941561,40.739846829]}"
saggy,"{""type"":""Point"",""coordinates"":[-73.977941561,40.739846829]}"
DG860A92,"{""type"":""Point"",""coordinates"":[-73.977941561,40.739846829]}"
nana73,"{""type"":""Point"",""coordinates"":[-73.977941561,40.739846829]}"
DEEK,"{""type"":""Point"",""coordinates"":[-73.977941561,40.739846829]}"
HP-Print-26-Deskjet 3520 series,"{""type"":""Point"",""coordinates"":[-73.977941561,40.739846829]}"
DVRMG,"{""type"":""Point"",""coordinates"":[-73.977941561,40.739846829]}"
WiFiRSU_aa,"{""type"":""Point"",""coordinates"":[-73.977941561,40.739846829]}"
DVW3201BCC,"{""type"":""Point"",""coordinates"":[-73.977941561,40.739846829]}"
Hisstory1978,"{""type"":""Point"",""coordinates"":[-73.977941561,40.739846829]}"
Tony,"{""type"":""Point"",""coordinates"":[-73.977941561,40.739846829]}"
McKechnie,"{""type"":""Point"",""coordinates"":[-73.977941561,40.739846829]}"
28107be33529,"{""type"":""Point"",""coordinates"":[-73.977941561,40.739846829]}"
Decepticon hq,"{""type"":""Point"",""coordinates"":[-73.977941561,40.739846829]}"
DDW361125,"{""type"":""Point"",""coordinates"":[-73.977941561,40.739846829]}"
H5856,"{""type"":""Point"",""coordinates"":[-73.977941561,40.739846829]}"
PW8SG,"{""type"":""Point"",""coordinates"":[-73.977941561,40.739846829]}"
43JB6,"{""type"":""Point"",""coordinates"":[-73.977941561,40.739846829]}"
DVW3201B28,"{""type"":""Point"",""coordinates"":[-73.977941561,40.739846829]}"
SimPad,"{""type"":""Point"",""coordinates"":[-73.977941561,40.739846829]}"
NETGEAR38,"{""type"":""Point"",""coordinates"":[-73.977941561,40.739846829]}"
U10C02225,"{""type"":""Point"",""coordinates"":[-73.977941561,40.739846829]}"
RVXM6_RE,"{""type"":""Point"",""coordinates"":[-73.977941561,40.739846829]}"
F50J,"{""type"":""Point"",""coordinates"":[-73.977941561,40.739846829]}"
DG860AF2,"{""type"":""Point"",""coordinates"":[-73.977941561,40.739846829]}"
DMaple,"{""type"":""Point"",""coordinates"":[-73.977941561,40.739846829]}"
DVW3201B20,"{""type"":""Point"",""coordinates"":[-73.977871245,40.740631051]}"
SecureDLR,"{""type"":""Point"",""coordinates"":[-73.977871245,40.740631051]}"
5K72P,"{""type"":""Point"",""coordinates"":[-73.977871245,40.740631051]}"
astephens,"{""type"":""Point"",""coordinates"":[-73.977871245,40.740631051]}"
3AD1,"{""type"":""Point"",""coordinates"":[-73.977871245,40.740631051]}"
N29RJ,"{""type"":""Point"",""coordinates"":[-73.977871245,40.740631051]}"
belkin.475,"{""type"":""Point"",""coordinates"":[-73.977871245,40.740631051]}"
CableWiFi,"{""type"":""Point"",""coordinates"":[-73.977871245,40.740631051]}"
TQQ,"{""type"":""Point"",""coordinates"":[-73.977871245,40.740631051]}"
morales828,"{""type"":""Point"",""coordinates"":[-73.977871245,40.740631051]}"
scbabe,"{""type"":""Point"",""coordinates"":[-73.977871245,40.740631051]}"
DVW3201B74,"{""type"":""Point"",""coordinates"":[-73.977871245,40.740631051]}"
NETGEAR,"{""type"":""Point"",""coordinates"":[-73.977871245,40.740631051]}"
Bonifacius1,"{""type"":""Point"",""coordinates"":[-73.977871245,40.740631051]}"
11FX08160697,"{""type"":""Point"",""coordinates"":[-73.977871245,40.740631051]}"
BLUE,"{""type"":""Point"",""coordinates"":[-73.977871245,40.740631051]}"
TG862G12,"{""type"":""Point"",""coordinates"":[-73.977871245,40.740631051]}"
SBG65801F,"{""type"":""Point"",""coordinates"":[-73.977871245,40.740631051]}"
Cisco55248,"{""type"":""Point"",""coordinates"":[-73.977871245,40.740631051]}"
residentdlink,"{""type"":""Point"",""coordinates"":[-73.977871245,40.740631051]}"
LMCpcd,"{""type"":""Point"",""coordinates"":[-73.977871245,40.740631051]}"
belkin.572,"{""type"":""Point"",""coordinates"":[-73.977871245,40.740631051]}"
<HIDDEN>,"{""type"":""Point"",""coordinates"":[-73.977615209,40.74111558]}"
<HIDDEN>,"{""type"":""Point"",""coordinates"":[-73.977615209,40.74111558]}"
<HIDDEN>,"{""type"":""Point"",""coordinates"":[-73.977615209,40.74111558]}"
<HIDDEN>,"{""type"":""Point"",""coordinates"":[-73.977615209,40.74111558]}"
KT_WLAN_42DD,"{""type"":""Point"",""coordinates"":[-73.977615209,40.74111558]}"
<HIDDEN>,"{""type"":""Point"",""coordinates"":[-73.977615209,40.74111558]}"
<HIDDEN>,"{""type"":""Point"",""coordinates"":[-73.977615209,40.74111558]}"
<HIDDEN>,"{""type"":""Point"",""coordinates"":[-73.977615209,40.74111558]}"
<HIDDEN>,"{""type"":""Point"",""coordinates"":[-73.977615209,40.74111558]}"
<HIDDEN>,"{""type"":""Point"",""coordinates"":[-73.977615209,40.74111558]}"
O3KG4,"{""type"":""Point"",""coordinates"":[-73.977615209,40.74111558]}"
<HIDDEN>,"{""type"":""Point"",""coordinates"":[-73.977615209,40.74111558]}"
DVW3201B24,"{""type"":""Point"",""coordinates"":[-73.977615209,40.74111558]}"
TWCWiFi,"{""type"":""Point"",""coordinates"":[-73.977615209,40.74111558]}"
<HIDDEN>,"{""type"":""Point"",""coordinates"":[-73.977615209,40.74111558]}"
Tacata,"{""type"":""Point"",""coordinates"":[-73.977615209,40.74111558]}"
<HIDDEN>,"{""type"":""Point"",""coordinates"":[-73.977615209,40.74111558]}"
<HIDDEN>,"{""type"":""Point"",""coordinates"":[-73.977615209,40.74111558]}"
<HIDDEN>,"{""type"":""Point"",""coordinates"":[-73.977615209,40.74111558]}"
<HIDDEN>,"{""type"":""Point"",""coordinates"":[-73.977615209,40.74111558]}"
<HIDDEN>,"{""type"":""Point"",""coordinates"":[-73.977615209,40.74111558]}"
<HIDDEN>,"{""type"":""Point"",""coordinates"":[-73.977615209,40.74111558]}"
<HIDDEN>,"{""type"":""Point"",""coordinates"":[-73.977615209,40.74111558]}"
<HIDDEN>,"{""type"":""Point"",""coordinates"":[-73.977615209,40.74111558]}"
<HIDDEN>,"{""type"":""Point"",""coordinates"":[-73.977615209,40.74111558]}"
<HIDDEN>,"{""type"":""Point"",""coordinates"":[-73.977615209,40.74111558]}"
Captiva,"{""type"":""Point"",""coordinates"":[-73.977615209,40.74111558]}"
<HIDDEN>,"{""type"":""Point"",""coordinates"":[-73.977615209,40.74111558]}"
ETYT7,"{""type"":""Point"",""coordinates"":[-73.977615209,40.74111558]}"
<HIDDEN>,"{""type"":""Point"",""coordinates"":[-73.977615209,40.74111558]}"
<HIDDEN>,"{""type"":""Point"",""coordinates"":[-73.977615209,40.74111558]}"
<HIDDEN>,"{""type"":""Point"",""coordinates"":[-73.977615209,40.74111558]}"
<HIDDEN>,"{""type"":""Point"",""coordinates"":[-73.977615209,40.74111558]}"
<HIDDEN>,"{""type"":""Point"",""coordinates"":[-73.977615209,40.74111558]}"
<HIDDEN>,"{""type"":""Point"",""coordinates"":[-73.977615209,40.74111558]}"
Wireless27-guest,"{""type"":""Point"",""coordinates"":[-73.977615209,40.74111558]}"
TG862G12,"{""type"":""Point"",""coordinates"":[-73.977615209,40.74111558]}"
Fathead,"{""type"":""Point"",""coordinates"":[-73.977615209,40.74111558]}"
NETGEAR65,"{""type"":""Point"",""coordinates"":[-73.978931739,40.742643508]}"
U10C02298,"{""type"":""Point"",""coordinates"":[-73.978931739,40.742643508]}"
belkin.e57,"{""type"":""Point"",""coordinates"":[-73.978931739,40.742643508]}"
<HIDDEN>,"{""type"":""Point"",""coordinates"":[-73.978931739,40.742643508]}"
xfinitywifi,"{""type"":""Point"",""coordinates"":[-73.978931739,40.742643508]}"
metrowifi,"{""type"":""Point"",""coordinates"":[-73.978931739,40.742643508]}"
optimumwifi,"{""type"":""Point"",""coordinates"":[-73.978931739,40.742643508]}"
.FREEWiFiGOWEX,"{""type"":""Point"",""coordinates"":[-73.978931739,40.742643508]}"
Apple network88,"{""type"":""Point"",""coordinates"":[-73.978931739,40.742643508]}"
xfinitywifi,"{""type"":""Point"",""coordinates"":[-73.978931739,40.742643508]}"
metrowifi,"{""type"":""Point"",""coordinates"":[-73.978931739,40.742643508]}"
optimumwifi,"{""type"":""Point"",""coordinates"":[-73.978931739,40.742643508]}"
CableWiFi,"{""type"":""Point"",""coordinates"":[-73.978931739,40.742643508]}"
.FREEWiFiGOWEX,"{""type"":""Point"",""coordinates"":[-73.978931739,40.742643508]}"
PORTNOYFAMILY2,"{""type"":""Point"",""coordinates"":[-73.978931739,40.742643508]}"
<HIDDEN>,"{""type"":""Point"",""coordinates"":[-73.978931739,40.742643508]}"
MojitoClub,"{""type"":""Point"",""coordinates"":[-73.978931739,40.742643508]}"
<HIDDEN>,"{""type"":""Point"",""coordinates"":[-73.978931739,40.742643508]}"
<HIDDEN>,"{""type"":""Point"",""coordinates"":[-73.978931739,40.742643508]}"
<HIDDEN>,"{""type"":""Point"",""coordinates"":[-73.978931739,40.742643508]}"
AMILOCALLINK,"{""type"":""Point"",""coordinates"":[-73.978931739,40.742643508]}"
DMX,"{""type"":""Point"",""coordinates"":[-73.978931739,40.742643508]}"
<HIDDEN>,"{""type"":""Point"",""coordinates"":[-73.978931739,40.742643508]}"
chino10016,"{""type"":""Point"",""coordinates"":[-73.978931739,40.742643508]}"
A,"{""type"":""Point"",""coordinates"":[-73.978931739,40.742643508]}"
Cisco70537,"{""type"":""Point"",""coordinates"":[-73.978931739,40.742643508]}"
U10C02288,"{""type"":""Point"",""coordinates"":[-73.977959515,40.741948755]}"
linksys,"{""type"":""Point"",""coordinates"":[-73.977959515,40.741948755]}"
2RB4F,"{""type"":""Point"",""coordinates"":[-73.977959515,40.741948755]}"
Connectify-me,"{""type"":""Point"",""coordinates"":[-73.977959515,40.741948755]}"
barfi,"{""type"":""Point"",""coordinates"":[-73.977959515,40.741948755]}"
U10C022F4,"{""type"":""Point"",""coordinates"":[-73.978974413,40.742587109]}"
07B408684769,"{""type"":""Point"",""coordinates"":[-73.978974413,40.742587109]}"
992Y3,"{""type"":""Point"",""coordinates"":[-73.978974413,40.742587109]}"
chaing,"{""type"":""Point"",""coordinates"":[-73.978974413,40.742587109]}"
VinniesDlink,"{""type"":""Point"",""coordinates"":[-73.978974413,40.742587109]}"
nyt0ac207,"{""type"":""Point"",""coordinates"":[-73.978974413,40.742587109]}"
TripleThreat,"{""type"":""Point"",""coordinates"":[-73.978974413,40.742587109]}"
<HIDDEN>,"{""type"":""Point"",""coordinates"":[-73.978974413,40.742587109]}"
stacslow,"{""type"":""Point"",""coordinates"":[-73.979666572,40.742807795]}"
laurie,"{""type"":""Point"",""coordinates"":[-73.979666572,40.742807795]}"
KBEC-WIFI,"{""type"":""Point"",""coordinates"":[-73.979666572,40.742807795]}"
CableWiFi,"{""type"":""Point"",""coordinates"":[-73.979666572,40.742807795]}"
ninaiac's Network,"{""type"":""Point"",""coordinates"":[-73.979666572,40.742807795]}"
mo2,"{""type"":""Point"",""coordinates"":[-73.979666572,40.742807795]}"
HP07C6AF,"{""type"":""Point"",""coordinates"":[-73.979666572,40.742807795]}"
gingko,"{""type"":""Point"",""coordinates"":[-73.979666572,40.742807795]}"
10F,"{""type"":""Point"",""coordinates"":[-73.980486731,40.741557415]}"
NETGEAR94,"{""type"":""Point"",""coordinates"":[-73.980486731,40.741557415]}"
KP-2G,"{""type"":""Point"",""coordinates"":[-73.980486731,40.741557415]}"
Luxor,"{""type"":""Point"",""coordinates"":[-73.980486731,40.741557415]}"
TWCWiFi,"{""type"":""Point"",""coordinates"":[-73.980486731,40.741557415]}"
Mark_Wifi,"{""type"":""Point"",""coordinates"":[-73.980486731,40.741557415]}"
HPC410a.35EEE2,"{""type"":""Point"",""coordinates"":[-73.980486731,40.741557415]}"
<HIDDEN>,"{""type"":""Point"",""coordinates"":[-73.980486731,40.741557415]}"
11FX01079352,"{""type"":""Point"",""coordinates"":[-73.980486731,40.741557415]}"
linksys123,"{""type"":""Point"",""coordinates"":[-73.980486731,40.741557415]}"
TWCWiFi,"{""type"":""Point"",""coordinates"":[-73.980486731,40.741557415]}"
xfinitywifi,"{""type"":""Point"",""coordinates"":[-73.980486731,40.741557415]}"
CableWiFi,"{""type"":""Point"",""coordinates"":[-73.980486731,40.741557415]}"
TWCWiFi,"{""type"":""Point"",""coordinates"":[-73.980486731,40.741557415]}"
xfinitywifi,"{""type"":""Point"",""coordinates"":[-73.980486731,40.741557415]}"
Network home,"{""type"":""Point"",""coordinates"":[-73.979163041,40.741984173]}"
Network home-guest,"{""type"":""Point"",""coordinates"":[-73.979163041,40.741984173]}"
SBG65800D,"{""type"":""Point"",""coordinates"":[-73.979163041,40.741984173]}"
Shorn24G,"{""type"":""Point"",""coordinates"":[-73.979163041,40.741984173]}"
DVW3201B28,"{""type"":""Point"",""coordinates"":[-73.979163041,40.741984173]}"
U10C022D8,"{""type"":""Point"",""coordinates"":[-73.979163041,40.741984173]}"
21B6,"{""type"":""Point"",""coordinates"":[-73.979163041,40.741984173]}"
NETGEAR51,"{""type"":""Point"",""coordinates"":[-73.979163041,40.741984173]}"
DVW3201B1C,"{""type"":""Point"",""coordinates"":[-73.979163041,40.741984173]}"
NETGEAR86,"{""type"":""Point"",""coordinates"":[-73.979163041,40.741984173]}"
AMER#1,"{""type"":""Point"",""coordinates"":[-73.979163041,40.741984173]}"
TWCWiFi,"{""type"":""Point"",""coordinates"":[-73.979163041,40.741984173]}"
xfinitywifi,"{""type"":""Point"",""coordinates"":[-73.979163041,40.741984173]}"
metrowifi,"{""type"":""Point"",""coordinates"":[-73.979163041,40.741984173]}"
optimumwifi,"{""type"":""Point"",""coordinates"":[-73.979163041,40.741984173]}"
CableWiFi,"{""type"":""Point"",""coordinates"":[-73.979163041,40.741984173]}"
.FREEWiFiGOWEX,"{""type"":""Point"",""coordinates"":[-73.979163041,40.741984173]}"
la casa,"{""type"":""Point"",""coordinates"":[-73.979163041,40.741984173]}"
Cisco09324,"{""type"":""Point"",""coordinates"":[-73.979163041,40.741984173]}"
xfinitywifi,"{""type"":""Point"",""coordinates"":[-73.979163041,40.741984173]}"
NETGEAR00,"{""type"":""Point"",""coordinates"":[-73.979163041,40.741984173]}"
metrowifi,"{""type"":""Point"",""coordinates"":[-73.979163041,40.741984173]}"
<HIDDEN>,"{""type"":""Point"",""coordinates"":[-73.979163041,40.741984173]}"
ThreeBroomsticks-guest,"{""type"":""Point"",""coordinates"":[-73.979163041,40.741984173]}"
PapaSmurf,"{""type"":""Point"",""coordinates"":[-73.979163041,40.741984173]}"
RR SQuared,"{""type"":""Point"",""coordinates"":[-73.979062541,40.742139516]}"
wndr45004c,"{""type"":""Point"",""coordinates"":[-73.979062541,40.742139516]}"
SAL,"{""type"":""Point"",""coordinates"":[-73.979062541,40.742139516]}"
SAL-guest,"{""type"":""Point"",""coordinates"":[-73.979062541,40.742139516]}"
CoOLnesS,"{""type"":""Point"",""coordinates"":[-73.979062541,40.742139516]}"
Readiness is All,"{""type"":""Point"",""coordinates"":[-73.979062541,40.742139516]}"
TRUUUUUUU,"{""type"":""Point"",""coordinates"":[-73.979062541,40.742139516]}"
AS625,"{""type"":""Point"",""coordinates"":[-73.979062541,40.742139516]}"
aptsumbar,"{""type"":""Point"",""coordinates"":[-73.979062541,40.742139516]}"
DVW3201A8,"{""type"":""Point"",""coordinates"":[-73.979062541,40.742139516]}"
DDW361176,"{""type"":""Point"",""coordinates"":[-73.979062541,40.742139516]}"
NETGEAR73,"{""type"":""Point"",""coordinates"":[-73.979062541,40.742139516]}"
DVW3201BE0,"{""type"":""Point"",""coordinates"":[-73.979062541,40.742139516]}"
NETGEAR13,"{""type"":""Point"",""coordinates"":[-73.979062541,40.742139516]}"
NETGEAR,"{""type"":""Point"",""coordinates"":[-73.979062541,40.742139516]}"
linksys_SES_42037,"{""type"":""Point"",""coordinates"":[-73.979062541,40.742139516]}"
linksys_SES_35771,"{""type"":""Point"",""coordinates"":[-73.979062541,40.742139516]}"
Andreas Router,"{""type"":""Point"",""coordinates"":[-73.979062541,40.742139516]}"
Andreas Router-guest,"{""type"":""Point"",""coordinates"":[-73.979062541,40.742139516]}"
fastbaby,"{""type"":""Point"",""coordinates"":[-73.979062541,40.742139516]}"
<HIDDEN>,"{""type"":""Point"",""coordinates"":[-73.979062541,40.742139516]}"
snuggie,"{""type"":""Point"",""coordinates"":[-73.979062541,40.742139516]}"
elazteca,"{""type"":""Point"",""coordinates"":[-73.979062541,40.742139516]}"
DG860AE2,"{""type"":""Point"",""coordinates"":[-73.979062541,40.742139516]}"
Retire #51,"{""type"":""Point"",""coordinates"":[-73.979062541,40.742139516]}"
NETGEAR56,"{""type"":""Point"",""coordinates"":[-73.979062541,40.742139516]}"
Todd's Network,"{""type"":""Point"",""coordinates"":[-73.979062541,40.742139516]}"
Todd's Guest Network,"{""type"":""Point"",""coordinates"":[-73.979062541,40.742139516]}"
\xF0\x9F\x8D\x8A\xF0\x9F\x8F\x80,"{""type"":""Point"",""coordinates"":[-73.979062541,40.742139516]}"
nyc,"{""type"":""Point"",""coordinates"":[-73.979062541,40.742139516]}"
Palace,"{""type"":""Point"",""coordinates"":[-73.979062541,40.742139516]}"
elizabethpc,"{""type"":""Point"",""coordinates"":[-73.979062541,40.742139516]}"
FB1C,"{""type"":""Point"",""coordinates"":[-73.982313298,40.743672997]}"
MOTOROLA-98C32,"{""type"":""Point"",""coordinates"":[-73.982313298,40.743672997]}"
belkin.9db,"{""type"":""Point"",""coordinates"":[-73.982313298,40.743672997]}"
Bistango,"{""type"":""Point"",""coordinates"":[-73.982313298,40.743672997]}"
NETGEAR47,"{""type"":""Point"",""coordinates"":[-73.982313298,40.743672997]}"
PG JT,"{""type"":""Point"",""coordinates"":[-73.982313298,40.743672997]}"
DVW3201BC0,"{""type"":""Point"",""coordinates"":[-73.982313298,40.743672997]}"
SFC,"{""type"":""Point"",""coordinates"":[-73.982313298,40.743672997]}"
TonicEast-DJ-guest,"{""type"":""Point"",""coordinates"":[-73.982313298,40.743672997]}"
Tariga-Weshnak,"{""type"":""Point"",""coordinates"":[-73.982313298,40.743672997]}"
TonicEast-DJ,"{""type"":""Point"",""coordinates"":[-73.982313298,40.743672997]}"
sunshine,"{""type"":""Point"",""coordinates"":[-73.982313298,40.743672997]}"
CheenyNYC,"{""type"":""Point"",""coordinates"":[-73.982313298,40.743672997]}"
ABS10C,"{""type"":""Point"",""coordinates"":[-73.982313298,40.743672997]}"
GramercyGirls,"{""type"":""Point"",""coordinates"":[-73.982313298,40.743672997]}"
xfinitywifi,"{""type"":""Point"",""coordinates"":[-73.982313298,40.743672997]}"
metrowifi,"{""type"":""Point"",""coordinates"":[-73.982313298,40.743672997]}"
jbfbjs,"{""type"":""Point"",""coordinates"":[-73.982313298,40.743672997]}"
DVW3201B8C,"{""type"":""Point"",""coordinates"":[-73.982313298,40.743672997]}"
belkin.eee,"{""type"":""Point"",""coordinates"":[-73.980647166,40.742898895]}"
WhitePenguin,"{""type"":""Point"",""coordinates"":[-73.980647166,40.742898895]}"
Starship Entertainment,"{""type"":""Point"",""coordinates"":[-73.980647166,40.742898895]}"
ND,"{""type"":""Point"",""coordinates"":[-73.980647166,40.742898895]}"
P&Y,"{""type"":""Point"",""coordinates"":[-73.980647166,40.742898895]}"
JSJ6,"{""type"":""Point"",""coordinates"":[-73.980647166,40.742898895]}"
7A,"{""type"":""Point"",""coordinates"":[-73.980647166,40.742898895]}"
NETGEAR85,"{""type"":""Point"",""coordinates"":[-73.980647166,40.742898895]}"
TonicSucks,"{""type"":""Point"",""coordinates"":[-73.980647166,40.742898895]}"
JLCZF,"{""type"":""Point"",""coordinates"":[-73.980647166,40.742898895]}"
THE DUDE,"{""type"":""Point"",""coordinates"":[-73.980705867,40.742839999]}"
Wireless,"{""type"":""Point"",""coordinates"":[-73.980705867,40.742839999]}"
Carrotcake,"{""type"":""Point"",""coordinates"":[-73.980705867,40.742839999]}"
pcpcpc,"{""type"":""Point"",""coordinates"":[-73.980705867,40.742839999]}"
TWCWiFi,"{""type"":""Point"",""coordinates"":[-73.980705867,40.742839999]}"
optimumwifi,"{""type"":""Point"",""coordinates"":[-73.980705867,40.742839999]}"
CableWiFi,"{""type"":""Point"",""coordinates"":[-73.980705867,40.742839999]}"
.FREEWiFiGOWEX,"{""type"":""Point"",""coordinates"":[-73.980705867,40.742839999]}"
.FREEWiFiGOWEX,"{""type"":""Point"",""coordinates"":[-73.980705867,40.742839999]}"
DVW3201B7C,"{""type"":""Point"",""coordinates"":[-73.980705867,40.742839999]}"
